ID,smiles,docking_score,flag,split
118705850,NS(=O)(=O)c1ccc(N2N=C(C(F)(F)F)C[C@H]2c2ccc3c(c2)OCO3)cc1,-10.602,1,train
CHEMBL427356,CS(=O)(=O)c1ccc(C#CC(=O)c2ccc(F)cc2)cc1,-7.533,1,train
10296709,NS(=O)(=O)c1ccc(-n2nc(C(F)(F)F)c(Cl)c2-c2ccc(Cl)cc2)cc1,-11.617,1,train
10177578,CS(=O)(=O)c1ccc(C2=C(c3ccc(F)c(Cl)c3)CC3(CC3)C2)cc1,-11.544,1,train
22034374,Cc1[nH]c2cc(S(C)(=O)=O)ccc2c1Sc1ccc(F)cc1F,-9.918,1,train
X128,Cc1ccc(-c2nc(C(F)(F)F)cn2-c2ccc(S(C)(=O)=O)cc2)s1,-11.131,1,train
10319221,CS(=O)(=O)c1ccc(C2=C(c3ccccc3)C(=O)N(c3ccccc3F)C2)cc1,-11.161,1,train
10131479,COc1ccc(C2=C(c3ccc(S(C)(=O)=O)cc3)CCC2)cc1,-10.316,1,train
155524017,C#CCOc1ccc(/C=C2\SC(=O)NC2=O)cc1,-6.524,1,train
118705852,NS(=O)(=O)c1ccc(N2N=C(C(F)(F)F)C[C@H]2c2cccc3c2OCO3)cc1,-10.842,1,train
155515749,Cc1cccc(C=Cc2ccc(=O)[nH]n2)c1,-5.156,1,train
10407440,COc1ccc(-c2c(Cl)ncn2-c2ccc(S(C)(=O)=O)cc2)cc1F,-10.83,1,train
11025223,COc1ccc(-c2c(Cl)ncn2-c2ccc(S(C)(=O)=O)cc2)cc1C,-10.871,1,train
15390771,CC(C)c1cc(-c2ccc(S(N)(=O)=O)cc2)c(-c2ccc(F)cc2)s1,-12.38,1,train
10544389,Cc1ccc(-n2c(-c3ccc(S(N)(=O)=O)cc3)coc2=O)cc1,-10.562,1,train
10833677,COc1ccc(-n2c(-c3ccc(S(N)(=O)=O)cc3)coc2=O)cc1Cl,-10.626,1,train
10830272,CS(=O)(=O)c1ccc(C2=C(c3cccc(F)c3)C(=O)CC2)cc1,-10.953,1,train
X097,CS(=O)(=O)c1ccc(-n2cc(CC#N)nc2-c2ccc(Cl)cc2)cc1,-9.691,1,train
17919591,CS(=O)(=O)c1ccc(-c2cnn(CC(F)(F)F)c(=O)c2-c2ccccc2)cc1,-11.523,1,train
127030238,CCCCCCNC(=O)Oc1cccc(-c2ccc(C(C)C(=O)O)cc2C(F)(F)F)c1,-5.719,1,train
9890350,COc1ccc2c(c1F)CSc1c(C(F)(F)F)nn(-c3ccc(S(C)(=O)=O)cc3)c1-2,-11.556,1,train
22562341,COc1ccc2c(-c3ccc(S(C)(=O)=O)cc3)c(-c3ccc(F)cc3)nn2n1,-10.595,1,train
9967867,N#Cc1cc(-c2ccc(F)cc2)n(-c2ccc(S(N)(=O)=O)cc2)n1,-11.02,1,train
171343888,C=c1ccsc1=Cc1c(C)[nH]n(-c2ccc(S(N)(=O)=O)cc2)c1=O,-9.479,1,train
10549551,CS(=O)(=O)c1ccc(-n2cc(C(F)(F)F)nc2-c2cccc([N+](=O)[O-])c2)cc1,-10.766,1,train
3394,CC(C(=O)O)c1ccc(-c2ccccc2)c(F)c1,-7.739,1,train
42612023,Nc1c(C(=O)N/N=C/c2ccc(Cl)cc2)cnn1-c1ccc(S(N)(=O)=O)cc1,-8.872,1,train
15345565,Cc1ccc2c(c1)CSc1c(C(F)(F)F)nn(-c3ccc(S(N)(=O)=O)cc3)c1-2,-12.536,1,train
132547259,Cc1ccc(-c2cc(C(F)(F)F)nn2-c2ccc(S(=O)(=O)NCCCCCCC(O)=NO)cc2)cc1,-10.422,1,train
10020588,C[C@@H]1C(c2ccc(F)cc2)=C(c2ccc(S(C)(=O)=O)cc2)ON1C,-10.747,1,train
12965791,NS(=O)(=O)c1ccc(-c2[nH]c3ccc(F)cc3c2-c2ccccc2)cc1,-10.531,1,train
9929562,CC1(C)OC(=O)C(Oc2ccc(F)cc2)=C1c1ccc(S(C)(=O)=O)cc1,-6.766,1,train
145953074,CS(=O)(=O)c1ccc2c(c1)c1c(n2C(=O)c2ccc(Cl)cc2)CCCC1,-9.749,1,train
10425834,CS(=O)(=O)c1ccc(-n2cccc2-c2ccc(F)cc2)cc1,-10.287,1,train
10742004,CS(=O)(=O)c1ccc(-n2cc(C(F)(F)F)nc2-c2cncc(Br)c2)cc1,-10.334,1,train
10573666,COc1ccc(-c2cc(C(F)(F)F)nn2-c2ccc(S(N)(=O)=O)cc2)cc1C,-11.307,1,train
11078663,NS(=O)(=O)c1ccc(-n2cnc(Cl)c2-c2ccc(F)cc2)cc1,-10.942,1,train
44338793,Cc1ccc(-c2ccc(S(C)(=O)=O)cc2)n1[C@H]1CC[C@@H](F)CC1,-10.49,1,train
155521710,N#Cc1cnn(-c2ccc(S(N)(=O)=O)cc2)c1/N=C/c1ccccc1,-10.931,1,train
10592313,Cc1ccncc1C1=C(c2ccc(S(C)(=O)=O)cc2)CCC1=O,-9.983,1,train
9998267,Cc1ccc2c(c1)=C1C(c3ccc(S(C)(=O)=O)cc3)C(=O)O[C@@H]1CC=2,-10.303,1,train
10108987,CC1(C)OC(=O)C(=Nc2ccccc2)C1c1ccc(S(C)(=O)=O)cc1,-10.043,1,train
10937794,Cc1cc(-c2c(Cl)ncn2-c2ccc(S(C)(=O)=O)cc2)ccc1Cl,-10.832,1,train
172439432,Nc1c(C(=O)N/N=C/c2ccccc2[N+](=O)[O-])cnn1-c1ccc(S(N)(=O)=O)cc1,-8.838,1,train
9822874,CS(=O)(=O)c1ccc(-c2csc(Br)c2-c2ccc(F)cc2)cc1,-10.438,1,train
155536309,COC(=O)C(C)NC(=O)C1CCCN1C(=O)CNC(=O)C(C)N,-5.171,1,train
10502827,COc1cc(-c2nc(C(F)(F)F)cn2-c2ccc(S(N)(=O)=O)cc2)ccc1Cl,-11.681,1,train
10667777,NS(=O)(=O)c1ccc(-n2nc(C(F)(F)F)c(F)c2-c2ccccc2)cc1,-11.229,1,train
10500696,CS(=O)(=O)c1ccc(C2=C(c3cncc(Br)c3)C(=O)CC2)cc1,-9.895,1,train
44586804,CC(=O)NS(=O)(=O)c1ccc(-c2[nH]c3ccccc3c2-c2ccccc2)cc1,-10.677,1,train
122184817,Cc1ccc(-c2cc(CO[N+](=O)[O-])nn2-c2ccc(S(N)(=O)=O)cc2)cc1,-10.5,1,train
10227082,CCOC(=O)Cn1nc(-c2ccc(S(C)(=O)=O)cc2)c(-c2ccc(F)cc2)c1C(F)(F)F,-10.952,1,train
22911767,CS(=O)(=O)c1ccc(-c2sc(CC#N)nc2-c2ccc(F)cc2)cc1,-10.617,1,train
11340629,Cc1cc(=O)c(Oc2ccc(I)cc2)c(-c2ccc(S(C)(=O)=O)cc2)o1,-9.35,1,train
2765724,Cc1ccc(-c2ccc(S(C)(=O)=O)cc2)n1-c1ccc(F)cc1,-10.971,1,train
44456618,CS(=O)(=O)c1ccc(-c2nc(NCc3ccc(N)cc3)cc(C(F)(F)F)n2)cc1,-10.707,1,train
118706111,CS(=O)(=O)c1ccc(N2N=C(C(F)(F)F)C[C@H]2c2cccc3c2OCO3)cc1,-10.143,1,train
10362126,Cc1ccc(-c2c(-c3ccc(S(C)(=O)=O)cc3)[nH]c3ccccc23)cc1C,-11.671,1,train
44327825,COc1cc2c(cc1F)-c1c(c(C(F)F)nn1-c1ccc(S(N)(=O)=O)cc1)SC2,-11.703,1,train
X095,CS(=O)(=O)c1ccc(-n2cc(CO)nc2-c2ccc(Cl)cc2)cc1,-10.12,1,train
21472759,C[C@]1(O)OC(=O)C(c2ccc(F)c(F)c2)=C1c1ccc(S(C)(=O)=O)cc1,-11.189,1,train
145990110,CS(=O)(=O)c1ccc(-c2conc2-c2ccc(F)cc2)cc1,-9.654,1,train
10095369,CS(=O)(=O)c1ccc(C2=C(c3ccc(F)cc3)CC(C(F)(F)F)(C(F)(F)F)C2)cc1,-10.851,1,train
9841276,NS(=O)(=O)c1ccc(-n2nc(C(F)F)cc2-c2ccccc2)cc1,-10.797,1,train
44456542,CC(C)(C)c1cc(NCc2ccccc2)nc(-c2ccc(S(C)(=O)=O)cc2)n1,-10.912,1,train
11035516,CS(=O)(=O)c1ccc(-c2cnc(Cl)n2-c2ccc(F)cc2)cc1,-10.425,1,train
X011_B,Cc1c(C(=O)c2ccccc2)cc(-c2ccc(S(C)(=O)=O)cc2)n1-c1ccc(F)cc1,-9.548,1,train
10646723,NS(=O)(=O)c1ccc(-n2nc(C(F)(F)F)cc2-c2ccc3c(c2)CCCS3)cc1,-11.74,1,train
10501190,CS(=O)(=O)c1ccc(-n2cc(C(F)(F)F)nc2-c2ccc(Cl)cc2)cc1,-10.384,1,train
118705853,CS(=O)(=O)c1ccc(N2N=C(C(F)(F)F)C[C@H]2c2cccc3ccccc23)cc1,-11.274,1,train
9843356,COc1ccc(C2=C(c3ccc(S(N)(=O)=O)cc3)CC3(CC3)C2)cc1Cl,-11.068,1,train
101897868,CCOC(=O)Cc1cc(-c2ccc(S(N)(=O)=O)cc2)n(-c2cccc(F)c2)c1C,-11.086,1,train
155546386,NS(=O)(=O)c1ccc(-n2nc(C(=O)N3CCOCC3)cc2-c2cccc(Cl)c2)cc1,-9.652,1,train
9908624,CC1(C)OC(=O)C(Oc2ccc(F)c(F)c2)=C1c1ccc(S(C)(=O)=O)cc1,-6.437,1,train
10155819,NS(=O)(=O)c1ccc(-n2cc(C(F)(F)F)nc2-c2ccccc2)cc1,-11.21,1,train
11530051,Cc1onc(-c2ccc(F)cc2)c1-c1ccc(S(N)(=O)=O)cc1,-10.259,1,train
44371479,CS(=O)(=O)c1ccc(-c2sc3ncnn3c2-c2ccc(F)cc2)cc1,-10.568,1,train
X099,Cc1ncccc1-c1nc(C(F)(F)F)cn1-c1ccc(S(C)(=O)=O)cc1,-10.831,1,train
122393225,Cc1ccc(-c2c(-c3ccc(S(C)(=O)=O)cc3)c3cccc4ccn2c43)cc1,-11.965,1,train
10108866,CS(=O)(=O)c1ccc(-c2cn3c(c2-c2ccc(F)cc2)CCC3)cc1,-11.443,1,train
10812437,CN(C)c1ccc(-c2cc(C(F)(F)F)nn2-c2ccc(S(N)(=O)=O)cc2)cc1F,-11.576,1,train
162672405,C/C(=N/NC(N)=O)c1nnn(-c2ccc(S(N)(=O)=O)cc2)c1C,-8.312,1,train
44371400,CS(=O)(=O)c1ccc(-c2sc3ncnn3c2-c2cc(F)cc(F)c2)cc1,-10.42,1,train
11099739,Cc1nc(C2CCCCC2)c(-c2ccc(S(N)(=O)=O)c(N)c2)o1,-9.646,1,train
44456885,CS(=O)(=O)c1ccc(-c2nc(SCc3cccs3)cc(C(F)(F)F)n2)cc1,-10.96,1,train
9839884,CCc1cc(/C=C/S(N)(=O)=O)cc(C(=O)c2ccccc2)c1,-9.582,1,train
44343870,CCOc1ccncc1-c1c(Cl)ncn1-c1ccc(S(C)(=O)=O)cc1,-9.219,1,train
73055092,CCCCCCOC(=O)Nc1cccc(-c2ccc(C(C)C(=O)O)cc2F)c1,-8.997,1,train
155545715,COc1ccccc1C=CC1=NNC(=O)CC1,-6.86,1,train
127033589,CCCCCCNC(=O)Oc1cccc(-c2ccc(C(C)C(=O)O)cc2)c1,-6.797,1,train
25072270,CC(C(=O)OCCO[N+](=O)[O-])c1cccc(C(=O)c2ccccc2)c1,-7.35,1,train
10616776,NS(=O)(=O)c1ccc(C2=C(c3ccc(F)c(F)c3)CCC2)cc1,-11.844,1,train
4553,CS(=O)(=O)Nc1ccc([N+](=O)[O-])cc1OC1CCCCC1,-7.505,1,train
44456510,COc1cc(NCc2ccccc2)nc(-c2ccc(S(C)(=O)=O)cc2)n1,-10.333,1,train
21472741,C[C@]1(O)OC(=O)C(c2ccc(F)cc2)=C1c1ccc(S(C)(=O)=O)cc1,-10.658,1,train
71583441,CCSc1nc(-c2ccc(F)cc2)c(-c2ccc(S(C)(=O)=O)cc2)[nH]1,-10.891,1,train
9801204,NS(=O)(=O)c1ccc(-n2cc(C(F)(F)F)nc2-c2cccc(Cl)c2)cc1,-11.569,1,train
10224978,NS(=O)(=O)c1ccc(-n2nc(C(F)(F)F)cc2-c2ccc(Cl)c(Cl)c2)cc1,-11.683,1,train
44370787,CS(=O)(=O)c1ccc(-c2cnn(CCC3CC3)c(=O)c2-c2ccc(F)cc2)cc1,-10.422,1,train
11090142,COc1cc(-c2c(Cl)ncn2-c2ccc(S(C)(=O)=O)cc2)ccc1C,-10.7,1,train
44271312,Cc1nc(-c2ccc(Cl)cc2)c(-c2ccc(S(N)(=O)=O)cc2)s1,-10.871,1,train
10385170,Cc1ccccc1-c1nc(C(F)(F)F)cn1-c1ccc(S(N)(=O)=O)cc1,-11.398,1,train
44394245,COc1ccc(-c2c(-c3ccc(S(N)(=O)=O)cc3)ccc(F)c2F)cc1Cl,-11.553,1,train
44327826,NS(=O)(=O)c1ccc(-n2nc(C(F)(F)F)c3c2-c2cc(F)c(F)cc2CS3)cc1,-11.683,1,train
10426884,CS(=O)(=O)c1ccc(-c2cscc2-c2ccc(F)cc2)cc1,-10.383,1,train
44456593,CS(=O)(=O)c1ccc(-c2nc(NC[C@H]3CC=CCC3)cc(C(F)(F)F)n2)cc1,-10.953,1,train
155544780,N#Cc1cnn(-c2ccc(S(N)(=O)=O)cc2)c1/N=C\c1ccc(Br)cc1,-9.049,1,train
9927594,CS(=O)(=O)c1ccc(C2=C(c3ccc(Cl)cc3)CCC2)cc1,-9.857,1,train
208910,CC1(C)OC(=O)C(OCC2CC2)=C1c1ccc(S(C)(=O)=O)cc1,-9.081,1,train
44394265,CS(=O)(=O)c1ccc(-c2ccc(F)c(F)c2-c2ccc(F)c(Cl)c2)cc1,-11.595,1,train
92656,O=C(O)CCCCCCCN1C(=O)C=CC1=O,-4.954,1,train
10134426,Cc1cccc(-c2nc(C(F)(F)F)cn2-c2ccc(S(N)(=O)=O)cc2)c1,-11.677,1,train
4763851,O=C(O)c1cccc(Nc2ccc([N+](=O)[O-])cc2)c1,-7.411,1,train
9851770,CS(=O)(=O)c1ccc(C2=C(c3ccc(F)cc3)CC3(CC3)C2)cc1,-11.377,1,train
44456663,CS(=O)(=O)c1ccc(-c2nc(NCc3nccs3)cc(C(F)(F)F)n2)cc1,-10.035,1,train
44581948,COc1ccc(-c2cnnn2-c2ccc(S(C)(=O)=O)cc2)cc1,-9.816,1,train
10223326,C[C@@H]1CN(c2c(C#N)c(C(F)F)nn2-c2ccc(S(C)(=O)=O)cn2)C[C@H](C)O1,-10.658,1,train
9946917,CC1(C)OC(=O)C(Oc2ccccn2)=C1c1ccc(S(C)(=O)=O)cc1,-6.579,1,train
3826,O=C(c1ccccc1)c1ccc2n1CCC2C(=O)O,-6.282,1,train
10761664,CS(=O)(=O)c1ccc(-c2cc3c(cc2-c2ccc(F)cc2)OCO3)cc1,-11.389,1,train
10158806,Cc1ccc(-c2nc(C(F)(F)F)cn2-c2ccc(S(N)(=O)=O)cc2)cc1Cl,-11.955,1,train
9929697,COc1ccc(-c2cc(C(F)F)nn2-c2ccc(S(N)(=O)=O)cc2)cc1,-11.271,1,train
10272113,COc1ccccc1-c1cc(C(F)(F)F)nn1-c1ccc(S(N)(=O)=O)cc1,-11.358,1,train
129439,CC(NC(=O)CN)C(=O)NC(C(=O)O)C(C)C,-5.794,1,train
10268710,CS(=O)(=O)c1ccc(-c2cn3c(c2-c2ccccc2)CCC3)cc1,-11.024,1,train
44475686,O=S(=O)(Nc1ccncc1NC1CCCCC1)C(F)(F)F,-6.776,1,train
10179720,COc1ccc(-c2cc(F)c(F)cc2-c2ccc(S(N)(=O)=O)cc2)cc1Cl,-11.003,1,train
10713528,Cc1ccc(-c2cc(F)c(F)cc2-c2ccc(S(N)(=O)=O)cc2)cn1,-10.63,1,train
137644807,NS(=O)(=O)c1ccc(OC(=O)c2c(-c3ccccc3)sc3c2CCCC3)cc1,-10.264,1,train
44474277,O=S(=O)(Nc1ccncc1Nc1cccc(Br)c1)C(F)(F)F,-6.464,1,train
10737761,CS(=O)(=O)c1ccc(C2=C(c3cc4ccccc4s3)C(=O)CC2)cc1,-8.388,1,train
11079400,CSc1ccc(-c2c(Cl)ncn2-c2ccc(S(C)(=O)=O)cc2)cc1,-10.509,1,train
22810,CC(C(=O)O)c1ccc(-c2ccccc2)cc1,-7.613,1,train
164614893,CCc1cnc(OCC(C)(C)O)c(-c2ccc(S(C)(=O)=O)cc2)c1,-9.35,1,train
172453038,Nc1c(C(=O)N/N=C/c2ccc([N+](=O)[O-])cc2)cnn1-c1ccc(S(N)(=O)=O)cc1,-8.894,1,train
10623316,CSc1ccc(-c2nc(C(F)(F)F)cn2-c2ccc(S(N)(=O)=O)cc2)cc1Cl,-11.859,1,train
X114,Cc1cccc(-c2nc(C(F)(F)F)cn2-c2ccc(S(C)(=O)=O)cc2)n1,-11.147,1,train
44326894,Cc1cncc(-c2ncc(Cl)cc2-c2ccc(S(C)(=O)=O)cc2)c1,-10.698,1,train
44456619,CS(=O)(=O)c1ccc(-c2nc(NC3CCCC3)cc(C(F)(F)F)n2)cc1,-10.207,1,train
45268649,CS(=O)(=O)c1ccc(-c2cc(C(F)(F)F)nc(Nc3ccccc3)n2)cc1,-10.642,1,train
45272015,CS(=O)(=O)c1ccc(-c2cc(C(F)(F)F)nc(OCC3CCCCC3)n2)cc1,-10.455,1,train
115239,CS(=O)(=O)c1ccc(-n2nc(C(F)(F)F)cc2-c2ccc(F)cc2)cc1,-11.002,1,train
44474281,Cc1ccc(Nc2cnccc2NS(=O)(=O)C(F)(F)F)cc1,-7.019,1,train
22285771,NS(=O)(=O)c1ccc(-c2[nH]c3ccccc3c2-c2ccc(F)cc2)cc1,-11.203,1,train
X216,NS(=O)(=O)c1ccc(-n2nc(C(F)(F)F)cc2-c2ccc([N+](=O)[O-])cc2)cc1,-11.147,1,train
44475845,CS(=O)(=O)Nc1ccncc1Nc1cccc(Cl)c1,-7.581,1,train
11759943,Cc1nc(-c2ccc(C)s2)c(-c2ccc(S(N)(=O)=O)c(F)c2)o1,-9.952,1,train
155512734,N#Cc1cnn(-c2ccc(S(N)(=O)=O)cc2)c1NC(=O)c1ccccc1,-10.848,1,train
164624213,CC(C)(O)COc1nc(OCCC(F)(F)F)c(CO)cc1-c1ccc(S(C)(=O)=O)cc1,-8.239,1,train
11725257,CS(=O)(=O)c1ccc(-c2[nH]c3ccccc3c2-c2ccccc2)cc1,-10.347,1,train
10177830,COc1cc(-c2c(Cl)ncn2-c2ccc(S(C)(=O)=O)cc2)ccc1F,-10.806,1,train
25261944,CCCn1cc(-c2ccc(S(C)(=O)=O)cc2)c(-c2ccc(CO)cc2)c1O,-11.545,1,train
10762494,CS(=O)(=O)c1ccc(-n2cc(C(F)F)nc2-c2ccc(Cl)cc2)cc1,-9.953,1,train
44394272,COc1ccc(-c2c(-c3ccc(S(N)(=O)=O)cc3)ccc(F)c2F)cc1F,-11.12,1,train
10759852,NS(=O)(=O)c1ccc(-n2ncc([N+](=O)[O-])c2-c2ccccc2)cc1,-10.502,1,train
11301001,CS(=O)(=O)Nc1ccncc1Oc1ccccc1Cl,-7.252,1,train
155511187,Cc1cccc(C=CC2=NNC(=O)CC2)c1,-6.115,1,train
10406106,CCCCCCNC(=O)c1cc(NCc2cc(O)ccc2O)ccc1O,-5.033,1,train
10646043,Cc1cc(-c2cc(C(F)(F)F)nn2-c2ccc(S(N)(=O)=O)cc2)cc2c1OCO2,-11.842,1,train
18969768,CC1(C)C(c2ccc(S(C)(=O)=O)cc2)=C(c2ccccc2)[C@@H]1O,-10.042,1,train
44366550,CCc1ccc(/C=C/S(N)(=O)=O)cc1C(=O)c1ccccc1,-9.781,1,train
10224979,NS(=O)(=O)c1ccc(-n2nc(C(F)(F)F)cc2-c2ccc(Cl)cc2Cl)cc1,-10.976,1,train
44456716,NS(=O)(=O)c1ccc(-c2nc(NCc3ccco3)cc(C(F)(F)F)n2)cc1,-11.0,1,train
72792469,CCCCCCNC(=O)Oc1cccc(-c2ccc(C(C)C(=O)O)cc2F)c1,-7.078,1,train
44394150,Cc1ccc(-c2c(-c3ccc(S(C)(=O)=O)cc3)ccc(F)c2F)cc1C,-11.773,1,train
10134425,Cc1ccc(-c2nc(C(F)(F)F)cn2-c2ccc(S(N)(=O)=O)cc2)cc1,-11.542,1,train
10339727,CS(=O)(=O)c1ccc(C2=C(c3ccc(F)cc3)CC(CF)(CF)C2)cc1,-11.253,1,train
10712340,CS(=O)(=O)c1ccc(C2=C(c3ccc4c(c3)OCO4)CCC2)cc1,-10.76,1,train
8813955,O=C(/C=C\c1cccs1)c1cccc(-n2cnnn2)c1,-8.639,1,train
10269175,COc1ccc(C2=C(c3ccc(S(N)(=O)=O)cc3)CCC2)cc1F,-10.485,1,train
155567336,COc1ccc(/C=N/c2c(C#N)cnn2-c2ccc(S(N)(=O)=O)cc2)cc1,-9.957,1,train
10362365,Cc1ccc(-c2cc(C(F)(F)F)nn2-c2ccc(S(C)(=O)=O)cc2)cc1,-11.424,1,train
45270285,CC(C)Oc1nc(-c2ccc(S(C)(=O)=O)cc2)cc(C(F)(F)F)n1,-9.471,1,train
10992868,CCSc1ccc(-c2c(Cl)ncn2-c2ccc(S(C)(=O)=O)cc2)cc1,-10.227,1,train
X102,COc1ccncc1-c1nc(C(F)(F)F)cn1-c1ccc(S(C)(=O)=O)cc1,-10.193,1,train
10764155,CSc1cccc(-c2nc(C(F)(F)F)cn2-c2ccc(S(C)(=O)=O)cc2)c1,-11.499,1,train
155545220,NS(=O)(=O)c1ccc(-n2nc(C(=O)N3CCSCC3)cc2-c2cccc(F)c2)cc1,-10.608,1,train
11793188,CS(=O)(=O)c1ccc(-n2cc(CF)nc2-c2ccc(Cl)cc2)cc1,-10.442,1,train
X098,CS(=O)(=O)c1ccc(-n2cc(C(F)(F)F)nc2-c2cccnc2)cc1,-10.337,1,train
22034364,Cc1[nH]c2cc(S(C)(=O)=O)ccc2c1Sc1ccc(F)cc1,-10.251,1,train
44286327,CSc1csc(Sc2cc3c(cc2NS(C)(=O)=O)COC3=O)n1,-5.538,1,train
10765731,CS(=O)(=O)c1ccc(-n2cc(C(F)(F)F)nc2-c2cccc(Br)c2)cc1,-10.656,1,train
213053,COc1ccc(-c2c(Cl)ncn2-c2ccc(S(N)(=O)=O)cc2)cc1F,-11.083,1,train
44456715,CS(=O)(=O)c1ccc(-c2nc(NCc3ccncc3)cc(C(F)(F)F)n2)cc1,-10.413,1,train
10765111,CNc1ccc(-c2cc(C(F)(F)F)nn2-c2ccc(S(N)(=O)=O)cc2)cc1Cl,-11.221,1,train
10664448,CS(=O)(=O)c1ccc(C2=C(c3ccc(F)c(F)c3)CCC2)cc1,-11.012,1,train
9842937,Cc1cncc(-c2nc(C(F)(F)F)cn2-c2ccc(S(N)(=O)=O)cc2)c1,-11.139,1,train
9818888,NS(=O)(=O)c1ccc(-c2c(-c3ccccc3)noc2CO)cc1,-10.327,1,train
CHEMBL46171,CS(=O)(=O)c1ccc(-c2cc(C(F)(F)F)cnc2OCc2ccc(Cl)cc2)cc1,-9.352,1,train
10172237,Cc1nc(-c2ccc(F)cc2)c(-c2ccc(S(C)(=O)=O)cc2)s1,-10.734,1,train
155563991,COc1ccc(/C=N/c2c(C#N)cnn2-c2ccc(S(N)(=O)=O)cc2)cc1OC,-9.878,1,train
9926877,CCOc1cc(OCC)cc(-c2ccc(C(C)C(=O)O)cc2)c1,-8.466,1,train
73054810,CCCCCCNC(=O)Oc1cccc(-c2ccc(CC(=O)O)cc2F)c1,-5.169,1,train
76327241,CS(=O)(=O)c1ccc(/C=C(\c2ccccc2)c2ccc(F)cc2)cc1,-8.747,1,train
10408494,COc1ccc(-c2c(-c3ccc(S(N)(=O)=O)cc3)oc3ccccc23)cc1F,-11.28,1,train
10810038,CS(=O)(=O)c1ccc(-n2cc(C(F)(F)F)nc2-c2ccccc2F)cc1,-10.547,1,train
3672,CC(C)Cc1ccc(C(C)C(=O)O)cc1,-6.684,1,train
9861854,Cc1nc(C2CCCCC2)c(-c2ccc(S(C)(=O)=O)cc2)o1,-9.612,1,train
10385880,COc1ccc(-c2cc(F)c(F)cc2-c2ccc(S(N)(=O)=O)cc2)cc1F,-11.375,1,train
9800270,NS(=O)(=O)c1ccc(-c2cc(C(F)(F)F)nn2-c2ccc(F)cc2)cc1,-11.581,1,train
4495,CS(=O)(=O)Nc1ccc([N+](=O)[O-])cc1Oc1ccccc1,-7.795,1,train
127040263,NS(=O)(=O)c1ccc(N2N=C(c3cccs3)C[C@H]2c2ccc(C(F)(F)F)cc2)cc1,-10.098,1,train
22911749,CC(C)(C)c1nc(-c2ccc(F)cc2)c(-c2ccc(S(C)(=O)=O)cc2)s1,-11.061,1,train
10643086,COc1ccc(C2=C(c3ccc(S(N)(=O)=O)cc3)CC3(CC3)C2)cc1F,-10.94,1,train
90654519,CN1C(=O)C(c2ccccc2)=C(c2ccc(S(N)(=O)=O)cc2)C1=O,-11.243,1,train
44293185,CS(=O)(=O)c1ccc(-c2cc(C(F)(F)F)cnc2OCC(F)(F)F)cc1,-10.228,1,train
44456740,CS(=O)(=O)c1ccc(-c2nc(NCc3cc(F)cc(F)c3)cc(C(F)(F)F)n2)cc1,-10.48,1,train
11823791,CS(=O)(=O)c1ccc(-n2cnc(Cl)c2-c2ccccc2)cc1,-9.948,1,train
44395168,COc1ccc2c(-c3ccc(S(C)(=O)=O)cc3)c(-c3ccc(C)cc3)nn2n1,-10.456,1,train
10088207,Cc1nc(-c2ccc(C)s2)c(-c2ccc(S(C)(=O)=O)cc2)o1,-9.874,1,train
10668540,Cc1cc(-c2nc(C(F)(F)F)cn2-c2ccc(S(C)(=O)=O)cc2)ccc1F,-11.477,1,train
15434168,C/C=C\c1cncc(-c2ccc(C(C)C(=O)O)cc2)c1,-8.202,1,train
10201259,Cc1ccc(Oc2c(-c3ccc(S(C)(=O)=O)cc3)oc(C)cc2=O)c(Cl)c1,-9.969,1,train
17919604,CS(=O)(=O)c1ccc(-c2cnn(CC3CC3)c(=O)c2-c2ccccc2)cc1,-11.054,1,train
10091264,CS(=O)(=O)c1ccc(-c2[nH]c3ccccc3c2-c2ccc(Cl)cc2)cc1,-10.756,1,train
145989981,NS(=O)(=O)c1ccc(-c2conc2-c2ccc(F)cc2)cc1,-10.106,1,train
44586786,NS(=O)(=O)c1ccc(-c2[nH]c3ccc(Cl)cc3c2-c2ccccc2Cl)cc1,-9.852,1,train
44343879,Cc1ccncc1-c1c(Cl)ncn1-c1ccc(S(C)(=O)=O)cc1,-9.886,1,train
44271257,Cc1nc(-c2ccc(S(N)(=O)=O)cc2)c(-c2ccc(Br)cc2)s1,-10.594,1,train
172455375,CC(=O)NCCc1cc(O)c(O)cc1C(=O)c1ccc(O)c(O)c1,-7.114,1,train
44456592,CN(Cc1ccccc1)c1cc(C(F)(F)F)nc(-c2ccc(S(C)(=O)=O)cc2)n1,-11.069,1,train
9905412,CS(=O)(=O)c1ccc(-c2ccccc2-c2ccc(F)cc2)cc1,-10.637,1,train
44474284,CCc1ccc(Nc2cnccc2NS(=O)(=O)C(F)(F)F)cc1,-7.377,1,train
10109982,CC(C)c1ccc(-c2c(Cl)ncn2-c2ccc(S(C)(=O)=O)cc2)cc1,-10.832,1,train
9819804,C[C@@H](OC1=C(c2ccc(S(C)(=O)=O)cc2)C(C)(C)OC1=O)C1CC1,-9.413,1,train
9858164,O=S(=O)(Nc1ccncc1Oc1ccccc1)C(F)(F)F,-6.274,1,train
10571627,Cc1cc(-c2cc(F)c(F)cc2-c2ccc(S(N)(=O)=O)cc2)ccc1F,-11.896,1,train
127029898,CCCCCCNC(=O)Oc1cccc(-c2ccc(C(C)C(=O)O)cc2Cl)c1,-1.031,1,train
10832238,Cc1ccc(-c2cc(F)c(F)cc2-c2ccc(S(C)(=O)=O)cc2)cc1,-10.99,1,train
21859783,CS(=O)(=O)c1ccc(-n2nncc2-c2ccccc2)cc1,-9.17,1,train
44327839,COc1cc2c(cc1F)-c1c(c(C(F)(F)F)nn1-c1ccc(S(N)(=O)=O)cc1)SC2,-12.057,1,train
11809792,Cc1nc(-c2ccc(C)s2)c(-c2ccc(S(N)(=O)=O)cc2)o1,-10.146,1,train
9880758,NS(=O)(=O)c1ccc(-n2ncc(Cl)c2-c2ccccc2)cc1,-10.243,1,train
44456513,CC(C)(C)c1cc(NCc2cccs2)nc(-c2ccc(S(C)(=O)=O)cc2)n1,-10.627,1,train
21472753,C[C@]1(O)OC(=O)C(c2ccccc2)=C1c1ccc(S(C)(=O)=O)cc1,-9.71,1,train
9818233,CS(=O)(=O)c1ccc(C2=C(c3ccccc3)C(=O)CC2)cc1,-10.306,1,train
10476930,COc1ccc(-c2nc(C(F)(F)F)cn2-c2ccc(S(N)(=O)=O)cc2)cc1F,-11.448,1,train
10113620,COc1c(Cl)cc(-c2c(Cl)ncn2-c2ccc(S(C)(=O)=O)cc2)cc1Cl,-10.847,1,train
3033,O=C(O)Cc1ccccc1Nc1c(Cl)cccc1Cl,-6.629,1,train
10365186,NS(=O)(=O)c1ccc(-c2[nH]c3ccccc3c2-c2ccc(Br)cc2)cc1,-11.092,1,train
22907695,COc1ccc(C2=CC3(C=C2c2ccc(S(C)(=O)=O)cc2)CC3)cc1Cl,-10.847,1,train
10623232,COc1c(C)cc(-c2cc(C(F)(F)F)nn2-c2ccc(S(N)(=O)=O)cc2)cc1Cl,-11.681,1,train
9928047,NS(=O)(=O)c1ccc(C2=C(c3ccc(F)cc3)CC3(CC3)C2)cc1,-11.501,1,train
44271388,Cc1nc(-c2ccc(S(N)(=O)=O)cc2)c(-c2ccc(Cl)cc2)s1,-10.719,1,train
15871000,Cc1nc(-c2ccc(Cl)s2)c(-c2ccc(S(N)(=O)=O)cc2)o1,-10.098,1,train
10835226,NS(=O)(=O)c1ccc(-n2nc(C(F)(F)F)cc2-c2cc3ccccc3o2)cc1,-11.839,1,train
10572070,CS(=O)(=O)c1ccc(-n2cc(C(F)(F)F)nc2-c2ccc(F)cc2)cc1,-10.67,1,train
9883822,CC1(C)C(=O)C(c2ccccc2)=C1c1ccc(S(C)(=O)=O)cc1,-10.339,1,train
44395210,CS(=O)(=O)c1ccc(-c2c(-c3ccc(F)cc3)nn3ncccc23)cc1,-10.549,1,train
10522977,NS(=O)(=O)c1ccc(C2=C(c3ccc(C(F)(F)F)cc3)CCC2)cc1,-11.071,1,train
21859786,CS(=O)(=O)c1ccc(-n2nncc2-c2ccc(F)cc2)cc1,-9.702,1,train
10831290,Cc1cccc(-n2c(-c3ccc(S(N)(=O)=O)cc3)c(C)oc2=O)c1,-10.4,1,train
44456566,CC(C)c1cc(NCc2ccccc2)nc(-c2ccc(S(C)(=O)=O)cc2)n1,-10.425,1,train
10548520,COc1ccc(-c2cc(F)c(F)cc2-c2ccc(S(C)(=O)=O)cc2)cc1F,-10.432,1,train
10068193,COC(=O)c1cc2cc(S(C)(=O)=O)ccc2n1Cc1ccc(Cl)cc1,-10.077,1,train
10021647,COc1ccc(C2=C(c3ccc(S(N)(=O)=O)cc3)CCC2)cc1Cl,-10.396,1,train
10618802,CS(=O)(=O)c1ccc(C2=C(c3ccc(F)c(Cl)c3)C(=O)CC2)cc1,-11.097,1,train
44456773,CS(=O)(=O)c1ccc(-c2nc(NCc3ccsc3)cc(C(F)(F)F)n2)cc1,-10.212,1,train
X243,NC(=O)c1nn(-c2ccc(S(N)(=O)=O)cc2)c(-c2ccc(Cl)cc2)c1Cl,-11.136,1,train
9836619,NS(=O)(=O)c1ccc(C2=C(c3ccc(F)cc3)CCC2)cc1,-10.7,1,train
10295072,CCOc1ccc(-c2c(Cl)ncn2-c2ccc(S(C)(=O)=O)cc2)cc1Cl,-9.979,1,train
9821264,CS(=O)(=O)c1ccc(C2=C(c3cc(Cl)cc(Cl)c3)C(=O)CC2)cc1,-10.662,1,train
10521660,CS(=O)(=O)c1ccc(C2=C(c3ccc(F)c(F)c3)C(=O)CC2)cc1,-11.15,1,train
9928340,CS(=O)(=O)c1ccc(-c2coc(=O)n2-c2ccc(Cl)cc2)cc1,-9.722,1,train
155514890,NS(=O)(=O)c1ccc(-n2nc(C(=O)N3CCSCC3)cc2-c2cccc(Cl)c2)cc1,-10.614,1,train
10600662,COc1ccc(-c2nc(C(F)(F)F)cn2-c2ccc(S(N)(=O)=O)cc2)cc1Br,-11.131,1,train
10156369,CC1(C)OC(=O)C(Oc2cccc(F)c2)=C1c1ccc(S(C)(=O)=O)cc1,-9.277,1,train
9947305,CS(=O)(=O)c1ccc(-n2cc(C(F)(F)F)nc2-c2ccccc2)cc1,-10.621,1,train
9967345,Cc1nc(-c2ccc(F)cc2)c(-c2ccc(S(C)(=O)=O)cc2)o1,-10.392,1,train
9842523,CCCCOc1nc(-c2ccc(S(C)(=O)=O)cc2)cc(C(F)(F)F)n1,-9.995,1,train
10690636,Cc1cc(-c2nc(C(F)(F)F)cn2-c2ccc(S(N)(=O)=O)cc2)no1,-10.546,1,train
CHEMBL549958,CS(=O)(=O)c1ccc([C@H]2Sc3ccccc3C(=O)N2c2ccc(F)cc2)cc1,-11.344,1,train
10835645,COc1c(F)cc(-c2cc(C(F)F)nn2-c2ccc(S(N)(=O)=O)cc2)cc1F,-11.04,1,train
49788596,CSc1nc(-c2ccc(S(N)(=O)=O)cc2)n(-c2ccc(Cl)cc2)n1,-11.187,1,train
10157862,CS(=O)(=O)c1ccc(-c2sc(C(F)(F)F)nc2-c2ccc(F)cc2)cc1,-11.171,1,train
1396,NS(=O)(=O)c1ccc(-n2nc(C(F)(F)F)cc2-c2ccc(Br)cc2)cc1,-10.829,1,train
9947309,CS(=O)(=O)c1ccc(C2=C(c3ccc(C(F)(F)F)cc3)CCC2)cc1,-10.817,1,train
9949984,CCc1ccc(-n2c(-c3ccc(S(C)(=O)=O)cc3)coc2=O)cc1,-10.565,1,train
155536953,COC(=O)CNC(=O)C(C)NC(=O)C1CCCN1C(=O)CNC(=O)C(C)N,-2.501,1,train
21472747,CO[C@@]1(C)OC(=O)C(c2ccc(F)cc2)=C1c1ccc(S(C)(=O)=O)cc1,-9.964,1,train
11256540,COc1ccc(Oc2cnccc2NS(=O)(=O)C(F)(F)F)cc1,-6.196,1,train
22912196,CS(=O)(=O)c1ccc(-c2sc(-c3cccnc3)nc2-c2ccc(F)cc2)cc1,-9.595,1,train
44271374,COc1ccc(-c2nc(C)sc2-c2ccc(S(N)(=O)=O)cc2)cc1F,-11.094,1,train
44404327,NS(=O)(=O)c1ccc(-c2c(-c3ccccc3)noc2CF)cc1,-10.108,1,train
10108931,CC1(C)OC(=O)C(Cc2ccccc2)=C1c1ccc(S(C)(=O)=O)cc1,-9.98,1,train
122184818,Cc1ccc(-c2c(Cl)c(CCl)nn2-c2ccc(S(N)(=O)=O)cc2)cc1,-11.487,1,train
51039217,CONS(=O)(=O)CCOC(=O)C(C)c1ccc(CC(C)C)cc1,-8.358,1,train
162671556,C/C(=N/NC(N)=S)c1nnn(-c2ccc(S(N)(=O)=O)cc2)c1C,-8.31,1,train
10109075,Cc1ccncc1-c1ncc(Cl)cc1-c1ccc(S(C)(=O)=O)cc1,-10.332,1,train
44394178,CN(C)c1ccc(-c2c(-c3ccc(S(N)(=O)=O)cc3)ccc(F)c2F)cc1Cl,-11.559,1,train
9843089,NS(=O)(=O)c1ccc(-n2nc(C(F)(F)F)cc2-c2ccc(F)cc2)cc1,-11.505,1,train
10317408,Cc1ccc(-c2c(-c3ccc(S(N)(=O)=O)cc3)[nH]c3ccccc23)cc1C,-11.754,1,train
10786954,CS(=O)(=O)c1ccc(-c2cc(F)c(F)cc2-c2ccc(F)c(Cl)c2)cc1,-11.169,1,train
139035063,O=C(O)CCCc1nc(-c2ccc(Cl)c(Cl)c2)c(-c2ccccc2)o1,-10.217,1,train
9822883,Cc1cccc(-c2cc(C(F)(F)F)nn2-c2ccc(S(N)(=O)=O)c(CO)c2)c1,-12.577,1,train
44400756,NS(=O)(=O)c1ccc(-n2nc(C(F)(F)F)c3c2-c2cccc(F)c2CS3)cc1,-11.7,1,train
44316046,CS(=O)(=O)c1ccc(-c2oc3ccccc3c2-c2ccc(F)cc2)cc1,-11.189,1,train
CHEMBL551418,CS(=O)(=O)c1ccc(-c2cc(C(F)(F)F)nc(OC3CCCC3)n2)cc1,-10.635,1,train
44370560,CS(=O)(=O)c1ccc(-c2cnn(Cc3nccs3)c(=O)c2-c2ccc(F)cc2)cc1,-10.432,1,train
90654500,Cc1ccc(C2=C(c3ccc(S(N)(=O)=O)cc3)COC2=O)cc1,-10.413,1,train
44456763,CS(=O)(=O)c1ccc(-c2nccc(NCc3cccs3)n2)cc1,-9.117,1,train
155542855,NS(=O)(=O)c1ccc(-n2nc(C(=O)N3CCOCC3)cc2-c2cccc(F)c2)cc1,-9.394,1,train
44456616,CCc1c(NCc2ccc(F)cc2)nc(-c2ccc(S(C)(=O)=O)cc2)nc1C(F)(F)F,-10.452,1,train
44370744,Cn1ncc(-c2ccc(S(C)(=O)=O)cc2)c(-c2ccccc2)c1=O,-10.488,1,train
44456710,CS(=O)(=O)c1ccc(-c2nc(NCc3cccs3)cc(OC3CCCC3)n2)cc1,-9.914,1,train
44316113,NS(=O)(=O)c1ccc(-c2oc3ccccc3c2-c2ccc(F)cc2)cc1,-11.437,1,train
9902732,CS(=O)(=O)c1ccc(-c2cc(Cl)cnc2-c2ccncc2)cc1,-9.823,1,train
9844547,CCn1nc(-c2ccc(S(C)(=O)=O)cc2)c(-c2ccc(F)cc2)c1C(F)(F)F,-11.341,1,train
9796843,CS(=O)(=O)c1ccc(C2=C(c3cccnc3)C(=O)CC2)cc1,-10.095,1,train
10110427,Nc1ccc(-c2cc(C(F)(F)F)nn2-c2ccc(S(N)(=O)=O)cc2)cc1,-11.064,1,train
44456639,Cc1ccc(CNc2cc(Cl)nc(-c3ccc(S(C)(=O)=O)cc3)n2)cc1,-9.92,1,train
X109,NS(=O)(=O)c1ccc(-n2cc(C(F)F)nc2-c2cccnc2)cc1,-10.78,1,train
44456635,Cc1ccc(CNc2nc(-c3ccc(S(C)(=O)=O)cc3)nc(Cl)c2C)cc1,-10.35,1,train
X122,Cn1cc(-c2nc(C(F)(F)F)cn2-c2ccc(S(C)(=O)=O)cc2)c2ccccc21,-11.455,1,train
10269056,CS(=O)(=O)c1ccc(-c2cc(Cl)cnc2-c2ccccn2)cc1,-9.84,1,train
44456738,CC[S@@](=O)c1cc(NCc2cccs2)nc(-c2ccc(S(C)(=O)=O)cc2)n1,-11.431,1,train
155519294,NS(=O)(=O)c1ccc(-n2nc(C(=O)N3CCOCC3)cc2-c2ccc(F)cc2)cc1,-10.432,1,train
44394201,CS(=O)(=O)c1ccc(-c2ccc(Cl)c(Cl)c2-c2ccc(F)cc2)cc1,-11.077,1,train
11750118,COC(=O)C(CC(C)C)NC(=O)C(Cc1ccccc1)NC(=O)CNC(=O)CN,-3.3,1,train
9927912,CS(=O)(=O)c1ccc(C2=CC3(C=C2c2ccc(F)cc2)CC3)cc1,-11.331,1,train
10882658,CS(=O)(=O)c1ccc(-n2cnc(Cl)c2-c2ccccc2F)cc1,-9.875,1,train
10784411,COc1ccc(C2=C(c3ccc(S(N)(=O)=O)cc3)CC3(CC3)C2)cc1,-10.99,1,train
162667037,CC(=O)c1nnn(-c2ccc(S(=O)(=O)Nc3nccs3)cc2)c1C,-6.071,1,train
44456737,CCN(CC)c1cc(NCc2cccs2)nc(-c2ccc(S(C)(=O)=O)cc2)n1,-9.778,1,train
21948499,CC1(C)OC(=O)C(Oc2ncccn2)=C1c1ccc(S(C)(=O)=O)cc1,-7.711,1,train
11068088,Cc1nc(-c2ccc(F)cc2)c(-c2ccc(S(N)(=O)=O)c(F)c2)o1,-10.183,1,train
10808251,COc1ccc(-c2ccccc2-c2ccc(S(N)(=O)=O)cc2)cc1F,-10.695,1,train
10292387,CS(=O)(=O)c1ccc(C2=C(c3ccc(Cl)cc3Cl)CCC2)cc1,-8.985,1,train
15345568,COc1ccc2c(c1)CSc1c(C(F)(F)F)nn(-c3ccc(S(N)(=O)=O)cc3)c1-2,-11.821,1,train
10832104,CS(=O)(=O)c1ccc(C2=C(C=Cc3ccc(F)cc3)C(=O)CC2)cc1,-10.047,1,train
10179876,CCOc1ccc(-c2c(Cl)ncn2-c2ccc(S(N)(=O)=O)cc2)cc1Cl,-10.59,1,train
10403254,Cc1ccc(C2=C(c3ccc(S(C)(=O)=O)cc3)CCC2)cc1,-10.281,1,train
10882657,CS(=O)(=O)c1ccc(-n2cnc(Cl)c2-c2ccc(F)cc2)cc1,-10.298,1,train
10549466,NS(=O)(=O)c1ccc(-n2nc(C(F)(F)F)cc2-c2ccc3c(c2)CCO3)cc1,-12.244,1,train
10406349,Cc1ccc(-c2c(-c3ccc(S(N)(=O)=O)cc3)[nH]c3ccccc23)cc1,-11.338,1,train
X120,CS(=O)(=O)c1ccc(-n2cc(C(F)(F)F)nc2-c2nccc3ccccc23)cc1,-10.716,1,train
122603295,O=[N+]([O-])c1ccc(C=Cc2cc(O)c(O)c(O)c2)cc1,-8.023,1,train
11058879,CS(=O)(=O)c1ccc(-c2cnc(C(=O)c3ccccc3)n2-c2ccc(F)cc2)cc1,-8.309,1,train
44364684,CCOc1ccc(-c2cc(C(F)(F)F)nn2-c2ccc(S(N)(=O)=O)c(CO)c2)cc1,-8.672,1,train
24825641,Cc1ccc(Cl)c(Nc2ccccc2C(=O)NCC(=O)O)c1Cl,-7.471,1,train
14762941,Cc1cccc(C)c1Nc1ccccc1CC(=O)O,-6.938,1,train
10740567,COc1cc(F)cc(-c2nc(C(F)(F)F)cn2-c2ccc(S(N)(=O)=O)cc2)c1,-11.06,1,train
155546179,N#Cc1cnn(-c2ccc(S(N)(=O)=O)cc2)c1NC(=O)CCl,-8.871,1,train
11121068,Cc1ncc(-c2ccc(S(C)(=O)=O)cc2)n1-c1ccc(F)cc1,-10.687,1,train
45270348,CCCCNc1nc(-c2ccc(S(C)(=O)=O)cc2)cc(C(F)(F)F)n1,-9.917,1,train
10619336,NS(=O)(=O)c1ccc(-n2cc(C(F)(F)F)nc2-c2cccs2)cc1,-10.742,1,train
44456825,CCSc1cc(NCc2cccs2)nc(-c2ccc(S(C)(=O)=O)cc2)n1,-10.585,1,train
45267747,CS(=O)(=O)c1ccc(-c2cnc(Cc3ccccc3O)nc2-c2ccc(F)cc2)cc1,-8.752,1,train
76332196,O=S(=O)(Nc1ccncc1Nc1cccc(F)c1)C(F)(F)F,-6.592,1,train
10644380,CS(=O)(=O)c1ccc(-c2cc(Cl)c(Cl)cc2-c2ccc(F)cc2)cc1,-10.499,1,train
10112273,NS(=O)(=O)c1ccc(-n2nc(C(F)(F)F)cc2-c2ccc3c(c2)OCO3)cc1,-11.596,1,train
90654520,Cc1ccc(C2=C(c3ccc(S(N)(=O)=O)cc3)C(=O)N(C)C2=O)cc1,-10.701,1,train
10294269,COc1ccc(-c2c(Cl)ncn2-c2ccc(S(N)(=O)=O)cc2)cc1Cl,-11.018,1,train
10156048,NS(=O)(=O)c1ccc(-n2nc(C(F)(F)F)cc2C2=CCCCC2)cc1,-11.413,1,train
44336157,C=Cc1cccc(-c2ccc(C(C)C(=O)O)cc2)c1,-8.096,1,train
10381921,C[C@@H]1C(c2ccccc2)=C(c2ccc(S(C)(=O)=O)cc2)ON1C,-10.302,1,train
10760960,NS(=O)(=O)c1ccc(C2=C(c3ccc(Cl)cc3)CC3(CC3)C2)cc1,-11.363,1,train
10201744,CC(C)=CCn1ncc(-c2ccc(S(C)(=O)=O)cc2)c(-c2ccc(F)cc2)c1=O,-10.959,1,train
405491,NS(=O)(=O)c1ccc(N=Cc2ccc(O)c(C(=O)O)c2)cc1,-9.583,1,train
CHEMBL134342,O=C(O)CCCC[C@@H]1CCSS1,-5.996,1,train
44456545,C[C@H](Nc1cc(C(F)(F)F)nc(-c2ccc(S(C)(=O)=O)cc2)n1)c1ccccc1,-11.327,1,train
10895294,CSc1ccc(-c2cc(C(F)(F)F)nn2-c2ccc(S(N)(=O)=O)cc2F)cc1,-12.009,1,train
45269433,Cc1ccc(N(C)c2nc(-c3ccc(S(C)(=O)=O)cc3)cc(C(F)(F)F)n2)cc1,-10.385,1,train
9838569,Cc1cc2cc(-c3ccc(C(C)C(=O)O)cc3)ccc2[nH]1,-8.723,1,train
155557877,NS(=O)(=O)c1ccc(-n2nc(C(=O)N3CCSCC3)cc2-c2ccccc2)cc1,-9.853,1,train
23497471,CS(=O)(=O)c1ccc(-c2cc(C(F)(F)F)nc(N)n2)cc1,-8.361,1,train
10133653,CS(=O)(=O)c1ccc(-n2cnc(Cl)c2-c2cc(F)cc(F)c2)cc1,-10.608,1,train
CHEMBL75896,Nc1c(CC(=O)O)cccc1C(=O)C1CCCCC1,-7.652,1,train
10620694,CNc1cccc(-c2nc(C(F)(F)F)cn2-c2ccc(S(C)(=O)=O)cc2)c1,-10.725,1,train
10668860,NS(=O)(=O)c1ccc(-n2cc(C(F)(F)F)nc2-c2ccc(F)c(F)c2)cc1,-11.284,1,train
11731997,CS(=O)(=O)c1ccc(-n2cnc(Br)c2-c2ccc(F)cc2)cc1,-10.274,1,train
9918457,CS(=O)(=O)c1ccc(C2=C(c3ccc(F)cc3)C(=O)CC2)cc1,-10.735,1,train
90645140,NS(=O)(=O)c1ccc(-n2nc(C(=O)Nc3ccc(Cl)cc3)nc2-c2ccccc2)cc1,-5.968,1,train
155562273,N#CCC(=O)Nc1nnc(-c2cccnc2)o1,-5.358,1,train
15516799,Cc1cccc(OC2=C(c3ccc(S(C)(=O)=O)cc3)C(C)(C)OC2=O)c1,-8.813,1,train
10500778,NS(=O)(=O)c1ccc(C2=C(c3ccc(C(F)(F)F)cc3)CC3(CC3)C2)cc1,-11.657,1,train
10270798,CCCc1ccc(-c2c(Cl)ncn2-c2ccc(S(C)(=O)=O)cc2)cc1,-10.623,1,train
10592466,COc1ccc(C2=C(c3ccc(S(N)(=O)=O)cc3)CCC2)cc1,-10.438,1,train
127923,CS(=O)(=O)c1ccc(C2=C(c3ccc(F)c(F)c3)C(=O)OC2)cc1,-10.448,1,train
76323664,Cc1ccc(/C(=C\c2ccc(S(C)(=O)=O)cc2)c2ccccc2)cc1,-9.087,1,train
57403614,NC(Cc1c[nH]c2ccccc12)C(=O)NC(CS)C(=O)NC(CO)C(=O)O,-7.613,1,train
17816357,Cc1nc(-c2ccc(S(N)(=O)=O)cc2)c(-c2ccccc2)s1,-10.383,1,train
9905676,CS(=O)(=O)c1ccc(-c2coc(=O)n2-c2ccc(F)cc2)cc1,-10.061,1,train
CHEMBL562791,CS(=O)(=O)c1ccc(-c2cc(C(F)(F)F)nc(OC3CCC3)n2)cc1,-10.037,1,train
11209828,O=S(=O)(Nc1ccncc1Sc1ccccc1)C(F)(F)F,-6.926,1,train
76311577,CS(=O)(=O)c1ccc(-c2nc(N[C@@H]3CC=CCC3)cc(C(F)(F)F)n2)cc1,-10.85,1,train
21859784,Cc1ccc(-c2cnnn2-c2ccc(S(C)(=O)=O)cc2)cc1,-9.952,1,train
44456768,CC(C)Nc1cc(NCc2ccccc2)nc(-c2ccc(S(C)(=O)=O)cc2)n1,-9.976,1,train
11793632,CS(=O)(=O)c1ccc(-n2cc(C(F)(F)F)nc2-c2cccs2)cc1,-10.198,1,train
11079294,CS(=O)(=O)c1ccc(-n2cnc(Cl)c2-c2ccc3c(c2)CCO3)cc1,-11.226,1,train
10836527,COc1c(F)cc(-c2nc(C(F)(F)F)cn2-c2ccc(S(N)(=O)=O)cc2)cc1F,-10.749,1,train
10155221,CS(=O)(=O)c1ccc(C2=C(c3ccc(F)cc3)CC3(CCC3)C2)cc1,-11.641,1,train
16072151,CS(=O)(=O)c1ccc(/C=C(/C(=O)O)c2cccc(Br)c2)cc1,-8.864,1,train
73054806,CCCCCNC(=O)Oc1cccc(-c2ccc(C(C)C(=O)O)cc2F)c1,-6.897,1,train
44291367,CS(=O)(=O)Nc1ccc(-c2cc(C(F)F)nn2-c2ccc(Cl)cc2)cc1,-10.412,1,train
10738786,CS(=O)(=O)c1ccc(C2=C(c3ccc(C(F)(F)F)c(F)c3)CCC2)cc1,-9.315,1,train
10019555,Cc1nc(-c2ccccc2)c(-c2ccc(S(N)(=O)=O)cc2)s1,-10.516,1,train
10688075,CS(=O)(=O)c1ccc(-c2coc(=O)n2-c2ccccc2F)cc1,-9.846,1,train
44456543,CC(C)c1cc(NCc2cccs2)nc(-c2ccc(S(C)(=O)=O)cc2)n1,-10.553,1,train
10449604,Cc1[nH]c2cc(S(C)(=O)=O)ccc2c1Cc1ccc(F)cc1F,-10.214,1,train
11419147,Cc1cc(=O)c(Oc2ccc(Br)cc2)c(-c2ccc(S(C)(=O)=O)cc2)o1,-9.771,1,train
145988681,N#CCC(=O)NN=Cc1c[nH]c2ccc(Br)cc12,-7.75,1,train
127037905,NS(=O)(=O)c1ccc(N2N=C(c3ccco3)C[C@H]2c2ccc(C(F)(F)F)cc2)cc1,-11.07,1,train
71583327,CS(=O)(=O)c1ccc(-c2[nH]c(S(C)(=O)=O)nc2-c2ccccc2)cc1,-9.938,1,train
44291335,Cc1cc(-c2ccc(NS(C)(=O)=O)cc2)n(-c2ccc(Br)cc2)n1,-10.142,1,train
X042,CS(=O)(=O)c1ccc(-n2cc(C(F)(F)F)nc2-c2cccc(N)c2)cc1,-10.897,1,train
10893410,Cc1ccc(-c2c(Cl)ncn2-c2ccc(S(N)(=O)=O)cc2)cc1,-10.731,1,train
44581949,CN(C)c1ccc(-c2cnnn2-c2ccc(S(C)(=O)=O)cc2)cc1,-9.903,1,train
15390770,CC(C)(O)c1cc(-c2ccc(S(N)(=O)=O)cc2)c(-c2ccc(F)cc2)s1,-12.239,1,train
155516693,N#Cc1cnn(-c2ccc(S(N)(=O)=O)cc2)c1NC(=O)CCN1CCOCC1,-9.075,1,train
11797537,COc1c(Cl)cc(-c2cc(F)c(F)cc2-c2ccc(S(N)(=O)=O)cc2)cc1Cl,-10.469,1,train
136152997,CS(=O)(=O)c1ccc(-c2nc(=O)cc(NCc3cccs3)[nH]2)cc1,-9.411,1,train
CHEMBL45583,CS(=O)(=O)c1ccc(-c2cc(C(F)(F)F)cnc2OCC2(O)CCCC2)cc1,-9.994,1,train
44336366,C=Cc1cncc(-c2ccc(C(C)C(=O)O)cc2)c1,-7.934,1,train
10180742,CS(=O)(=O)c1ccc(-c2cc(C(F)(F)F)nc(NCc3ccc(F)cc3)n2)cc1,-10.342,1,train
22034361,CS(=O)(=O)c1ccc2c(Sc3ccc(F)cc3)c(CO)[nH]c2c1,-10.193,1,train
91434450,CS(=O)(=O)c1ccc(-c2conc2-c2ccccc2)cc1,-9.276,1,train
155534770,Cc1ccc(Nc2c(F)cccc2Cl)c(CNc2nn[nH]n2)c1,-7.692,1,train
10200696,CCOc1ccc(-c2c(Cl)ncn2-c2ccc(S(C)(=O)=O)cc2)cc1F,-10.291,1,train
164610064,CCCCOc1nc(OCC2COC2)c(-c2ccc(S(C)(=O)=O)cc2)cc1CO,-7.54,1,train
18969710,CC1(C)C(=O)C(c2ccc(F)cc2)=C1c1ccc(S(C)(=O)=O)cc1,-10.917,1,train
44456687,Cc1c(NCc2ccccc2)nc(-c2ccc(S(C)(=O)=O)cc2)nc1C(F)(F)F,-10.892,1,train
15617384,CS(=O)(=O)c1ccc(-c2sc(Br)cc2-c2ccc(F)cc2)cc1,-10.444,1,train
10715239,Cc1nc(-c2nc(C(F)(F)F)cn2-c2ccc(S(C)(=O)=O)cc2)cs1,-10.568,1,train
10784091,CS(=O)(=O)c1ccc(C2=C(c3ccc(F)c(Cl)c3)CCC2)cc1,-10.9,1,train
44316126,CS(=O)(=O)c1ccc(C2=C(c3ccc(F)cc3)c3ccccc3C2)cc1,-11.384,1,train
9967049,Cc1cnc(-c2cccnc2)c(-c2ccc(S(C)(=O)=O)cc2)c1,-10.119,1,train
21948463,CC1(C)OC(=O)C(Oc2cccc(Cl)n2)=C1c1ccc(S(C)(=O)=O)cc1,-5.74,1,train
44394134,Cc1cc(-c2c(-c3ccc(S(N)(=O)=O)cc3)ccc(F)c2F)ccc1Cl,-11.917,1,train
15429218,CCc1nc(C2CCCCC2)c(-c2ccc(S(C)(=O)=O)cc2)o1,-9.998,1,train
11292742,Cc1cc(=O)c(Oc2ccc(Cl)cc2F)c(-c2ccc(S(C)(=O)=O)cc2)o1,-10.498,1,train
9923656,CS(=O)(=O)c1ccc(C2=C(c3cccc(F)c3)C(=O)OC2)cc1,-10.145,1,train
684847,c1ccc(-c2csc(Nc3ccc4c(c3)OCO4)n2)cc1,-6.545,1,train
10716372,NS(=O)(=O)c1ccc(-n2nc(C(F)(F)F)cc2-c2ccc(Cl)s2)cc1,-11.247,1,train
CHEMBL254465,COc1ccc(NC(=O)Nc2ccc(S(C)(=O)=O)cc2)cc1,-5.831,1,train
44456766,CC(C)Nc1cc(NCc2cccs2)nc(-c2ccc(S(C)(=O)=O)cc2)n1,-9.947,1,train
9967467,Cc1[nH]c2cc(S(C)(=O)=O)ccc2c1Cc1ccccc1Cl,-9.796,1,train
10692230,COc1c(Cl)cc(C2=C(c3ccc(S(N)(=O)=O)cc3)CCC2)cc1Cl,-9.663,1,train
10222707,NS(=O)(=O)c1ccc(-n2nc(C(F)(F)F)cc2-c2ccccc2Cl)cc1,-11.131,1,train
10810738,COc1cccc(-c2nc(C(F)(F)F)cn2-c2ccc(S(C)(=O)=O)cc2)c1,-11.133,1,train
18969732,CC1(C)C(=NO)C(c2ccccc2)=C1c1ccc(S(C)(=O)=O)cc1,-9.991,1,train
X133,Cc1nc(-c2nc(C(F)(F)F)cn2-c2ccc(S(C)(=O)=O)cc2)co1,-10.286,1,train
119828,CCC(=O)NS(=O)(=O)c1ccc(-c2c(-c3ccccc3)noc2C)cc1,-7.924,1,train
10717305,COC(=O)c1nn(-c2ccc(S(N)(=O)=O)cc2)c(-c2ccc(Cl)cc2)c1Cl,-11.221,1,train
9865808,NS(=O)(=O)c1ccc(-n2nc(C(F)(F)F)cc2-c2ccc(Cl)cc2)cc1,-11.443,1,train
2662,Cc1ccc(-c2cc(C(F)(F)F)nn2-c2ccc(S(N)(=O)=O)cc2)cc1,-11.882,1,train
CHEMBL552082,CS(=O)(=O)c1ccc(-c2cc(C(F)(F)F)nc(OC3CCCCCCC3)n2)cc1,-10.187,1,train
76328515,O=S(=O)(Nc1ccncc1Nc1ccc(F)cc1)C(F)(F)F,-7.033,1,train
155523202,CC(C(=O)Nc1c(C#N)cnn1-c1ccc(S(N)(=O)=O)cc1)N1CCOCC1,-9.814,1,train
10882387,CS(=O)(=O)c1ccc(-c2cnc(C#N)n2-c2ccc(F)cc2)cc1,-10.279,1,train
9927613,NS(=O)(=O)c1ccc(-c2ccsc2-c2ccc(F)cc2)cc1,-10.771,1,train
10570444,Cc1ccc(-c2cc(F)c(F)cc2-c2ccc(S(C)(=O)=O)cc2)cn1,-10.424,1,train
71583439,CS(=O)(=O)c1ccc(-c2[nH]c(S(C)(=O)=O)nc2-c2ccc(Cl)cc2)cc1,-10.389,1,train
76330900,CS(=O)(=O)c1ccc(/C=C(/c2ccccc2)c2ccc(Cl)cc2)cc1,-8.158,1,train
9947165,NS(=O)(=O)c1ccc(-n2nc(CO)cc2-c2ccc(Cl)cc2)cc1,-10.61,1,train
44456567,CS(=O)(=O)c1ccc(-c2nc(NCc3ccc(Cl)s3)cc(C(F)(F)F)n2)cc1,-9.672,1,train
44316112,COc1ccc(-c2c(-c3ccc(S(C)(=O)=O)cc3)oc3ccccc23)cc1Cl,-11.496,1,train
15887878,CC(C)(O)CSc1ncc(C(F)(F)F)cc1-c1ccc(S(C)(=O)=O)cc1,-10.561,1,train
10159879,COc1ccc(-c2nc(C(F)(F)F)cn2-c2ccc(S(N)(=O)=O)cc2)cc1Cl,-11.534,1,train
CHEMBL71916,CC1(C)OC(=O)C(OC2CCC2)=C1c1ccc(S(C)(=O)=O)cc1,-8.488,1,train
44370479,CC1(C)C[C@@H]1Cn1ncc(-c2ccc(S(C)(=O)=O)cc2)c(-c2ccc(F)cc2)c1=O,-9.382,1,train
10692403,CS(=O)(=O)c1ccc(-n2cc(C(F)(F)F)nc2-c2ccccc2Cl)cc1,-10.599,1,train
10406946,CC(=O)Oc1ccccc1C1=C(c2ccc(S(C)(=O)=O)cc2)COC1=O,-5.817,1,train
9861888,Cc1nc(C2CCCCC2)c(-c2ccc(S(N)(=O)=O)cc2)o1,-9.727,1,train
10183636,Cc1cc(=O)c(Oc2ccc(Br)cc2Cl)c(-c2ccc(S(C)(=O)=O)cc2)o1,-9.061,1,train
CHEMBL71685,O=C(O)Cc1ccc(CCNS(=O)(=O)c2ccc(Cl)cc2)cc1,-7.245,1,train
10222861,CCN(CC)c1ccc(-c2c(Cl)ncn2-c2ccc(S(C)(=O)=O)cc2)cc1,-9.549,1,train
15337398,CS(=O)(=O)c1ccc(-c2[nH]c3ccccc3c2-c2ccc(F)cc2)cc1,-10.79,1,train
CHEMBL597902,CS(=O)(=O)c1ccc(-c2nc3ccccc3c(C(=O)O)c2-c2ccccc2)cc1,-10.23,1,train
11003065,CC(C)c1nc(C2CCCCC2)c(-c2ccc(S(N)(=O)=O)c(F)c2)o1,-10.708,1,train
10316629,NS(=O)(=O)c1ccc(-c2cc(F)c(F)cc2-c2ccc(F)cc2)cc1,-11.576,1,train
10805003,Cc1ccc(-c2ccc(S(C)(=O)=O)cc2)n1-c1ccccc1,-10.344,1,train
CHEMBL71833,CCSc1cc(-c2ccccc2)c(-c2ccc(S(C)(=O)=O)cc2)c(=O)o1,-10.354,1,train
10471014,NS(=O)(=O)c1ccc(-n2cccc2-c2ccc(F)cc2)cc1,-10.741,1,train
9798392,CS(=O)(=O)c1ccc(C2=C(c3cc(F)cc(F)c3)C(=O)CC2)cc1,-11.068,1,train
44474280,Cc1cccc(Nc2cnccc2NS(=O)(=O)C(F)(F)F)c1,-7.014,1,train
10641380,Cc1ccc(-c2ccc(S(C)(=O)=O)cc2)n1-c1ccc(F)c(F)c1,-11.302,1,train
44293186,C[C@@H](CO)Sc1ncc(C(F)(F)F)cc1-c1ccc(S(C)(=O)=O)cc1,-10.887,1,train
10765040,CCc1c(C(F)(F)F)nn(-c2ccc(S(N)(=O)=O)cc2)c1-c1ccc(Cl)cc1,-11.81,1,train
15340372,COC(=O)c1cc(-c2ccc(S(N)(=O)=O)cc2)c(-c2ccc(F)cc2)s1,-11.406,1,train
11404334,Cc1[nH]c2cc(S(C)(=O)=O)ccc2c1Cc1ccc(F)cc1,-10.355,1,train
10037656,CC(C(=O)O)c1ccc(C[C@@H]2CCC[C@@H]2O)cc1,-7.568,1,train
1981,COc1ccc2c(c1)c(CC(=O)OCC(=O)O)c(C)n2C(=O)c1ccc(Cl)cc1,-6.05,1,train
10691290,Cc1ccc(-c2nc(C(F)(F)F)cn2-c2ccc(S(N)(=O)=O)cc2)nc1,-11.172,1,train
10407720,NS(=O)(=O)c1ccc(-n2cc(C(F)(F)F)nc2-c2ccccc2F)cc1,-11.21,1,train
X264,Cc1ccc(-c2cc(C(F)(F)F)nn2-c2ccc(S(N)(=O)=O)cc2)o1,-10.732,1,train
9945403,Cc1cc(F)ccc1C1=C(c2ccc(S(C)(=O)=O)cc2)CCC1,-10.661,1,train
X092,COC(=O)c1cn(-c2ccc(S(C)(=O)=O)cc2)c(-c2ccc(Cl)cc2)n1,-9.55,1,train
15461526,CC1(C)OC(=O)C(Oc2ccncc2)=C1c1ccc(S(C)(=O)=O)cc1,-8.153,1,train
3825,CC(C(=O)O)c1cccc(C(=O)c2ccccc2)c1,-8.051,1,train
44371522,CCc1nc2sc(-c3ccc(S(C)(=O)=O)cc3)c(-c3ccccc3)n2n1,-9.468,1,train
10452212,COc1ccc(-c2c(-c3ccc(S(C)(=O)=O)cc3)[nH]c3ccccc23)cc1,-11.137,1,train
10786081,Cc1ccnc2c(-c3ccc(F)cc3)c(-c3ccc(S(C)(=O)=O)cc3)nn12,-11.329,1,train
10520508,NS(=O)(=O)c1ccc(-n2nc(CF)cc2-c2ccccc2)cc1,-10.525,1,train
44474278,O=S(=O)(Nc1ccncc1Nc1ccc(Br)cc1)C(F)(F)F,-6.865,1,train
44456890,CS(=O)(=O)c1ccc(-c2nc(SCc3ccccc3)cc(C(F)(F)F)n2)cc1,-10.966,1,train
162671489,C/C(=N/NC(N)=S)c1nnn(-c2ccc(C(=O)O)cc2)c1C,-7.909,1,train
X017_B,Cc1c(CO)cc(-c2ccc(S(C)(=O)=O)cc2)n1-c1ccc(F)cc1,-10.877,1,train
76317626,Cc1ccc(Nc2cnccc2NS(=O)(=O)C(F)(F)F)cc1Br,-6.782,1,train
82201501,CC(=O)c1nnn(-c2ccc(S(N)(=O)=O)cc2)c1C,-8.464,1,train
10621689,COc1ccc(-c2cc(C(F)F)nn2-c2ccc(S(N)(=O)=O)cc2)cc1Cl,-11.04,1,train
15887860,CC(C)(O)COc1ncc(C(F)(F)F)cc1-c1ccc(S(C)(=O)=O)cc1,-9.949,1,train
10809519,Cc1cc(-c2cc(F)c(F)cc2-c2ccc(S(C)(=O)=O)cc2)ccc1F,-11.789,1,train
10574324,COc1c(Cl)cc(C2=C(c3ccc(S(N)(=O)=O)cc3)CC3(CC3)C2)cc1Cl,-11.51,1,train
9888058,COc1ccc(-c2cc(C(F)(F)F)nn2-c2ccc(S(N)(=O)=O)cc2F)cc1,-11.704,1,train
10594921,CS(=O)(=O)c1ccc(C2=C(Oc3cc(F)cc(F)c3)C(=O)CC2)cc1,-10.741,1,train
44370520,C[C@H](C1CC1)n1ncc(-c2ccc(S(C)(=O)=O)cc2)c(-c2ccc(F)cc2)c1=O,-11.636,1,train
76332195,O=S(=O)(Nc1ccncc1Nc1cccc(I)c1)C(F)(F)F,-6.569,1,train
118705849,NS(=O)(=O)c1ccc(N2N=C(C(F)(F)F)C[C@H]2c2ccc3c(c2)OCCO3)cc1,-11.112,1,train
10787761,CCOc1ccc(-c2cc(C(F)(F)F)nn2-c2ccc(S(N)(=O)=O)cc2)cc1,-10.562,1,train
155807201,O=C(NC1CCCCC1)c1cc(NCc2cc(O)ccc2O)ccc1O,-6.708,1,train
71583556,CCS(=O)(=O)c1nc(-c2ccc(Cl)cc2)c(-c2ccc(S(C)(=O)=O)cc2)[nH]1,-10.633,1,train
10430343,Cc1nc(-c2nc(C(F)(F)F)cn2-c2ccc(S(N)(=O)=O)cc2)cs1,-10.851,1,train
44316044,COc1ccc(-c2c(-c3ccc(S(C)(=O)=O)cc3)oc3ccccc23)cc1F,-11.567,1,train
10664738,Cc1ccc(-c2c(C#N)cnn2-c2ccc(S(N)(=O)=O)cc2)cc1,-10.633,1,train
9902810,COc1ccc(C2=C(c3ccc(S(C)(=O)=O)cc3)CCC2)cc1F,-10.257,1,train
9817667,C=C1CC(c2ccc(S(C)(=O)=O)cc2)=C1c1ccccc1,-10.179,1,train
9863475,CS(=O)(=O)c1ccc(-c2sc3ncnn3c2-c2ccccc2)cc1,-10.279,1,train
76319998,CS(=O)(=O)c1ccc(C=C(c2ccccc2)c2ccccc2)cc1,-8.339,1,train
11472579,O=S(=O)(Nc1ccncc1Nc1ccccc1)C(F)(F)F,-6.493,1,train
9993267,CC(C(=O)O)c1cc(C(=O)c2ccccc2)ccc1O,-8.615,1,train
44343489,CS(=O)(=O)c1ccc(-n2cnc(Cl)c2-c2cccc(Cl)c2Cl)cc1,-9.877,1,train
X106,Cc1ccncc1-c1nc(C(F)(F)F)cn1-c1ccc(S(N)(=O)=O)cc1,-11.074,1,train
44272279,C[C@]1(OCC(F)(F)F)OC(=O)C(c2ccc(F)cc2)=C1c1ccc(S(C)(=O)=O)cc1,-10.28,1,train
171350327,Cc1[nH]n(-c2ccc(S(N)(=O)=O)cc2)c(=O)c1N=Nc1ccc(C(=O)O)cc1,-8.768,1,train
22034367,Cc1[nH]c2cc(S(C)(=O)=O)ccc2c1Oc1ccc(Cl)cc1,-10.023,1,train
10758665,CS(=O)(=O)c1ccc(C2=C(Oc3ccccc3)C(=O)CC2)cc1,-9.857,1,train
9840568,CCOc1cc(OCC)cc(-c2ccc(C(C)C(=O)O)cc2F)c1,-8.817,1,train
22285779,CS(=O)(=O)c1ccc(-c2[nH]c3ccccc3c2-c2ccc(Br)cc2)cc1,-10.576,1,train
22034379,CS(=O)(=O)c1ccc2c(Sc3ccccc3Cl)c(C#N)[nH]c2c1,-9.747,1,train
10156720,Cc1ccnc(-c2nc(C(F)(F)F)cn2-c2ccc(S(N)(=O)=O)cc2)c1,-11.322,1,train
10429739,COc1ccc(-c2c(-c3ccc(S(N)(=O)=O)cc3)[nH]c3ccccc23)cc1,-11.079,1,train
11725645,Cc1nc(-c2ccc(Cl)s2)c(-c2ccc(S(C)(=O)=O)cc2)o1,-10.042,1,train
46230909,O=C(O)Cc1ccc(-c2ccn(C(F)F)c(=O)c2)cc1,-8.536,1,train
9817355,CCSc1cccc(-c2ccc(C(C)C(=O)O)cc2)c1,-8.639,1,train
118705847,NS(=O)(=O)c1ccc(N2N=C(C(F)(F)F)C[C@H]2c2cccc3ccccc23)cc1,-8.211,1,train
11462316,O=S(=O)(Nc1ccncc1Oc1ccccc1Cl)C(F)(F)F,-6.251,1,train
171353708,O=C(c1cccs1)c1sc(N2CCOCC2)nc1-c1ccc([N+](=O)[O-])cc1,-9.721,1,train
CHEMBL583020,CS(=O)(=O)c1ccc(-c2cc(C(=O)O)c3ccc4c(c3n2)CCCC4)cc1,-9.585,1,train
5499082,C=c1[nH]n(-c2ccc(S(N)(=O)=O)cc2)c(=O)c1=Cc1c[nH]c2ccccc12,-7.216,1,train
168269960,COc1ccc(-c2cnc(Cl)n2-c2ccc(S(C)(=O)=O)cc2)cc1F,-9.641,1,train
10549411,Cc1c(Br)cc(-c2ccc(S(C)(=O)=O)cc2)n1-c1ccc(F)cc1,-11.035,1,train
9885354,Cc1ccc(-c2cc(C(F)F)nn2-c2ccc(S(N)(=O)=O)cc2)cc1,-11.579,1,train
10598294,CN(C)c1ccc(-c2cc(F)c(F)cc2-c2ccc(S(C)(=O)=O)cc2)cc1Cl,-11.827,1,train
11794412,CS(=O)(=O)c1ccc(-n2cc(C(F)(F)F)nc2-c2cccc(F)c2)cc1,-10.653,1,train
154926463,CS(=O)(=O)c1ccc(-c2cc3cc(F)ccc3n2Cc2ccc(Cl)cc2)cc1,-11.074,1,train
10133741,Cc1cc(=O)c(Oc2ccccc2C)c(-c2ccc(S(C)(=O)=O)cc2)o1,-9.501,1,train
10001804,COc1ccc(-c2c(-c3ccc(S(N)(=O)=O)cc3)oc3ccccc23)cc1Cl,-11.354,1,train
71583325,CSc1nc(-c2ccc(F)cc2)c(-c2ccc(S(C)(=O)=O)cc2)[nH]1,-10.729,1,train
10926800,CS(=O)(=O)c1ccc(-c2cn3c(c2-c2ccc(Cl)cc2)CCC3)cc1,-11.414,1,train
6426663,NS(=O)(=O)c1ccc(-n2nc(C(F)(F)F)cc2-c2ccccc2)cc1,-11.215,1,train
44293755,CS(=O)(=O)c1ccc(C2=C(c3ccccc3)C(=O)N(c3ccccc3)C2)cc1,-11.094,1,train
10268555,NS(=O)(=O)c1ccc(C2=C(c3ccc(Cl)cc3)CCC2)cc1,-10.549,1,train
10783884,CS(=O)(=O)c1ccc(C2=C(c3cc(Cl)ccn3)C(=O)CC2)cc1,-10.245,1,train
45267710,CS(=O)(=O)c1ccc(-c2cc(C(F)(F)F)nc(NCC3CCOCC3)n2)cc1,-10.924,1,train
10199429,CC1(C)OC(=O)C(Sc2ccccc2)=C1c1ccc(S(C)(=O)=O)cc1,-8.377,1,train
CHEMBL550737,Cc1cccc(Oc2nc(-c3ccc(S(C)(=O)=O)cc3)cc(C(F)(F)F)n2)c1,-10.12,1,train
CHEMBL568681,Cc1ccc2c(C(=O)O)cc(-c3ccc(S(C)(=O)=O)cc3)nc2c1C,-9.114,1,train
CHEMBL568433,CS(=O)(=O)c1ccc(-c2cc(C(=O)O)c3ccc4ccccc4c3n2)cc1,-9.102,1,train
44456826,CS(=O)(=O)c1ccc(-c2nc(NCc3ccc(F)cc3)cc(C(F)(F)F)n2)cc1,-10.325,1,train
10596883,COc1ccccc1-c1nc(C(F)(F)F)cn1-c1ccc(S(C)(=O)=O)cc1,-10.887,1,train
44371320,CS(=O)(=O)c1ccc(-c2sc3nncn3c2-c2ccccc2)cc1,-10.444,1,train
44294003,CS(=O)(=O)c1ccc(-c2cn(-c3ccccc3F)c(O)c2-c2ccc(F)cc2)cc1,-10.783,1,train
44394275,COc1ccc(-c2c(-c3ccc(S(C)(=O)=O)cc3)ccc(F)c2F)cc1Cl,-11.384,1,train
44456620,CS(=O)(=O)c1ccc(-c2nc(NC3CCCCC3)cc(C(F)(F)F)n2)cc1,-10.375,1,train
X105,Cc1ncccc1-c1nc(C(F)(F)F)cn1-c1ccc(S(N)(=O)=O)cc1,-11.056,1,train
X090,CS(=O)(=O)c1ccc(-n2cc(C=O)nc2-c2ccc(Cl)cc2)cc1,-9.835,1,train
15887864,C[C@@H](Oc1ncc(C(F)(F)F)cc1-c1ccc(S(C)(=O)=O)cc1)C(C)(C)O,-10.116,1,train
10070193,COc1ccc(-n2nc(C(F)(F)F)cc2-c2ccc(NS(C)(=O)=O)cc2)cc1,-10.526,1,train
44456772,NS(=O)(=O)c1ccc(-c2nc(NCc3ccsc3)cc(C(F)(F)F)n2)cc1,-11.392,1,train
71583440,CCSc1nc(-c2ccc(S(C)(=O)=O)cc2)c(-c2ccccc2)[nH]1,-10.46,1,train
44370786,CS(=O)(=O)c1ccc(-c2cnn(C3CC3)c(=O)c2-c2ccc(F)cc2)cc1,-11.822,1,train
10271396,NS(=O)(=O)c1ccc(-n2nc(C(F)(F)F)cc2-c2ccccc2F)cc1,-11.418,1,train
44456640,CS(=O)(=O)c1ccc(-c2nc(NCc3ccc(O)cc3)cc(C(F)(F)F)n2)cc1,-11.294,1,train
10765773,NS(=O)(=O)c1ccc(-n2cc(C(F)(F)F)nc2-c2cccc(Br)c2)cc1,-11.284,1,train
6426686,Cc1ccc(C2=C(c3ccc(S(C)(=O)=O)cc3)COC2=O)cc1,-10.316,1,train
10109361,CS(=O)(=O)c1ccc2c(Sc3ccc(F)cc3F)c(C#N)[nH]c2c1,-9.735,1,train
44272274,C[C@]1(O)OC(=O)C(c2ccsc2)=C1c1ccc(S(C)(=O)=O)cc1,-10.034,1,train
44371478,CS(=O)(=O)c1ccc(-c2sc3ncnn3c2-c2ccc(F)c(F)c2)cc1,-10.477,1,train
22285769,NS(=O)(=O)c1ccc(-c2[nH]c3ccc(Cl)cc3c2-c2cccc(Cl)c2)cc1,-10.105,1,train
10644759,NS(=O)(=O)c1ccc(-n2cc(C(F)(F)F)nc2-c2ccc(Cl)cc2)cc1,-11.319,1,train
145994033,CS(=O)(=O)c1ccc(-c2c(-c3ccc(F)cc3)noc2Cl)cc1,-9.35,1,train
10202758,COc1ccc(-c2cc(C(F)(F)F)nn2-c2ccc(S(N)(=O)=O)cc2)cc1OC,-10.956,1,train
44394206,CS(=O)(=O)c1ccc(-c2ccc3c(c2-c2ccc(F)cc2)OCO3)cc1,-10.788,1,train
CHEMBL423493,Cc1c(O)c(C(CCCCCC(=O)O)c2ccc(F)cc2)c(C)c2c1CC(=O)C2,-7.618,1,train
44456800,NS(=O)(=O)c1ccc(-c2nc(NCc3cccs3)cc(C(F)(F)F)n2)cc1,-10.988,1,train
9931215,CS(=O)(=O)c1ccc(-c2cc(C(F)(F)F)nc(NCc3ccccc3)n2)cc1,-10.514,1,train
10294501,CS(=O)(=O)c1ccc(-n2cc(C(F)(F)F)nc2-c2ccc(F)c(F)c2)cc1,-10.605,1,train
44456883,COc1cc(NCc2cccs2)nc(-c2ccc(S(C)(=O)=O)cc2)n1,-10.067,1,train
10764356,Cc1c(C(F)(F)F)nn(-c2ccc(S(N)(=O)=O)cc2)c1-c1ccc(Cl)cc1,-11.851,1,train
10914501,Cc1ncn(-c2ccc(S(C)(=O)=O)cc2)c1-c1ccc(F)cc1,-10.776,1,train
18400189,NS(=O)(=O)c1ccc(-c2sccc2-c2ccc(F)cc2)cc1,-10.858,1,train
10669511,Cc1cc(-c2nc(C(F)(F)F)cn2-c2ccc(S(C)(=O)=O)cc2)ccc1Cl,-10.938,1,train
9841079,CC1(C)CC(c2ccc(F)cc2)=C(c2ccc(S(C)(=O)=O)cc2)C1,-11.059,1,train
10643550,Cc1cnc2c(-c3ccc(F)cc3)c(-c3ccc(S(C)(=O)=O)cc3)nn2c1,-11.492,1,train
18969715,C=C1C(c2ccccc2)=C(c2ccc(S(C)(=O)=O)cc2)C1(C)C,-10.344,1,train
20402500,O=C1CCC(C=Cc2cccnc2)=NN1,-5.333,1,train
11244379,COc1ccc(Cc2c(C)[nH]c3cc(S(C)(=O)=O)ccc23)cc1,-9.97,1,train
10570135,COc1ccc(C2=C(c3ccc(S(C)(=O)=O)cc3)CC3(CC3)C2)cc1,-10.909,1,train
10546567,CS(=O)(=O)c1ccc(-c2cc(F)c(F)cc2-c2ccc(F)cc2)cc1,-10.887,1,train
22034376,Cc1[nH]c2cc(S(C)(=O)=O)ccc2c1Oc1ccc(Cl)cc1Cl,-10.131,1,train
164623216,CCCCOc1nc(OCC(C)(C)O)c(-c2ccc(S(C)(=O)=O)cc2)cc1CO,-6.93,1,train
71583444,CCS(=O)(=O)c1nc(-c2ccc(F)cc2)c(-c2ccc(S(C)(=O)=O)cc2)[nH]1,-10.531,1,train
10716484,CS(=O)(=O)c1ccc(-n2cc(C(F)(F)F)nc2-c2cccc3c2OCO3)cc1,-11.15,1,train
44456840,CCSc1cc(NCc2ccccc2)nc(-c2ccc(S(C)(=O)=O)cc2)n1,-10.677,1,train
5473050,COc1cc(O)cc(C=Cc2ccc(O)cc2)c1,-4.938,1,train
10044786,CC(=O)Oc1cccc(C2=C(c3ccc(S(C)(=O)=O)cc3)COC2=O)c1,-5.873,1,train
44456684,Cc1c(NCc2cccs2)nc(-c2ccc(S(C)(=O)=O)cc2)nc1C(F)(F)F,-10.923,1,train
44474133,O=S(=O)(Nc1ccncc1Nc1ccc(Cl)cc1)C(F)(F)F,-6.896,1,train
X080,COc1cc(Cl)cc(-c2nc(C(F)(F)F)cn2-c2ccc(S(N)(=O)=O)cc2)c1,-11.154,1,train
44327838,Cc1cc2c(cc1F)-c1c(c(C(F)(F)F)nn1-c1ccc(S(N)(=O)=O)cc1)SC2,-11.797,1,train
168273448,NS(=O)(=O)c1ccc(-n2nc3ccccc3c2-c2ccc(F)cc2)cc1,-11.543,1,train
9821646,Cc1csc(-c2nc(C(F)(F)F)cn2-c2ccc(S(N)(=O)=O)cc2)n1,-10.841,1,train
CHEMBL307602,CC1(C)OC(=O)C(OC2CCCC2)=C1c1ccc(S(C)(=O)=O)cc1,-9.081,1,train
44400928,Cc1ccc2c(c1F)CSc1c(C(F)(F)F)nn(-c3ccc(S(N)(=O)=O)cc3)c1-2,-11.956,1,train
9954100,C=CCn1nc(-c2ccc(S(C)(=O)=O)cc2)c(-c2ccc(F)cc2)c1C(F)(F)F,-11.707,1,train
10622186,NS(=O)(=O)c1ccc(-n2nc(C(F)(F)F)cc2-c2csc3ccccc23)cc1,-11.521,1,train
145950583,CS(=O)(=O)c1ccc2c(c1)c1c(n2Cc2ccc(Cl)cc2)CCCC1,-8.951,1,train
44400775,NS(=O)(=O)c1ccc(-n2nc(C(F)(F)F)c3c2-c2ccc(F)c(F)c2CS3)cc1,-11.757,1,train
21837604,Cc1csc(Sc2cc3c(cc2NS(C)(=O)=O)COC3=O)n1,-5.785,1,train
X010_B,CC(=O)c1cc(-c2ccc(S(C)(=O)=O)cc2)n(-c2ccc(F)cc2)c1C,-11.651,1,train
44394229,NS(=O)(=O)c1ccc(-c2ccc(F)c(F)c2-c2ccc(F)c(Cl)c2)cc1,-11.718,1,train
76334478,CS(=O)(=O)c1ccc(/C=C(/c2ccccc2)c2ccc(F)c(F)c2)cc1,-8.873,1,train
11036302,COc1ccc(-c2c(Cl)ncn2-c2ccc(S(C)(=O)=O)cc2)c(F)c1,-10.603,1,train
44456587,Cc1c(Cl)nc(-c2ccc(S(C)(=O)=O)cc2)nc1NCc1ccc(F)cc1,-10.216,1,train
9909016,CC(=O)OCc1cc(-c2ccc(S(C)(=O)=O)cc2)n(-c2ccc(F)cc2)c1C,-11.089,1,train
CHEMBL576416,CS(=O)(=O)c1ccc(-c2cc(C(=O)O)c3cccc(-c4ccccc4)c3n2)cc1,-11.295,1,train
172455469,Nc1c(C(=O)N/N=C/c2ccccc2Cl)cnn1-c1ccc(S(N)(=O)=O)cc1,-9.436,1,train
172450606,Nc1c(C(=O)N/N=C\c2cccs2)cnn1-c1ccc(S(N)(=O)=O)cc1,-10.118,1,train
15485782,NS(=O)(=O)c1ccc(-n2nc(C(F)F)cc2-c2ccc3c(c2)OCO3)cc1,-11.382,1,train
4614,O=C(O)CCc1nc(-c2ccccc2)c(-c2ccccc2)o1,-9.513,1,train
10663833,Cc1ccc(-n2c(C)ccc2-c2ccc(S(C)(=O)=O)cc2)cc1,-10.19,1,train
10200928,Cc1cc(F)cc(-c2nc(C(F)(F)F)cn2-c2ccc(S(N)(=O)=O)cc2)c1,-11.481,1,train
10669397,NS(=O)(=O)c1ccc(-n2ncc(Br)c2-c2ccc(Cl)cc2)cc1,-10.66,1,train
25258348,NS(=O)(=O)c1ccc(-n2nc(C(F)(F)F)cc2-c2ccnc(Cl)c2)cc1,-11.349,1,train
11418074,COC(=O)c1[nH]c2cc(S(C)(=O)=O)ccc2c1Sc1ccc(F)cc1F,-9.723,1,train
10522592,NS(=O)(=O)c1ccc(C2=C(c3ccc(F)c(F)c3)CC3(CC3)C2)cc1,-11.836,1,train
10363144,CC1(C)OC(=O)C(Oc2ccc(Cl)cc2)=C1c1ccc(S(C)(=O)=O)cc1,-8.176,1,train
11797837,CS(=O)(=O)c1ccc(-n2cc(C(F)(F)F)nc2-c2cc(Br)cs2)cc1,-10.233,1,train
15524017,NS(=O)(=O)c1ccc(C2=C(c3ccc(F)cc3)C(=O)OC2)cc1,-10.679,1,train
11760393,CS(=O)(=O)c1ccc(-n2cnc(Cl)c2-c2ccc(F)cc2F)cc1,-10.347,1,train
44456664,Cn1cccc1CNc1cc(C(F)(F)F)nc(-c2ccc(S(C)(=O)=O)cc2)n1,-10.649,1,train
11794210,Cc1ccnc(-c2nc(C(F)(F)F)cn2-c2ccc(S(C)(=O)=O)cc2)c1,-11.106,1,train
44371423,CS(=O)(=O)c1ccc(-c2sc3ncnn3c2-c2cccc(F)c2)cc1,-10.689,1,train
10336873,CS(=O)(=O)c1ccc(-c2ccsc2-c2ccc(F)cc2)cc1,-10.233,1,train
9926659,CS(=O)(=O)c1ccc(-c2cccnc2-c2ccccc2)cc1,-10.051,1,train
10761459,CS(=O)(=O)c1ccc(C2=C(c3ccc(Cl)c(Cl)c3)CCC2)cc1,-10.644,1,train
9840237,CC(C)OC1=C(c2ccc(S(C)(=O)=O)cc2)C(C)(C)OC1=O,-8.352,1,train
10236948,NS(=O)(=O)c1ccc(-c2[nH]c3ccccc3c2-c2ccccc2)cc1,-10.872,1,train
10521318,COc1ccncc1C1=C(c2ccc(S(C)(=O)=O)cc2)CCC1=O,-9.759,1,train
10642557,CS(=O)(=O)c1ccc(C2=C(c3ccc(Cl)c(F)c3)C(=O)CC2)cc1,-10.963,1,train
155526366,NS(=O)(=O)c1ccc(-n2nc(C(=O)N3CCOCC3)cc2-c2ccccc2)cc1,-10.075,1,train
10294458,CS(=O)(=O)c1ccc(-c2nc(C(F)(F)F)sc2-c2ccc(F)cc2)cc1,-11.127,1,train
10110298,Cc1cccc(-c2nc(C(F)(F)F)cn2-c2ccc(S(C)(=O)=O)cc2)c1,-11.489,1,train
172458430,O=C(O)CCC(=O)NNC(=O)C=Nc1ncnc2sc3c(c12)CCCC3,-6.299,1,train
171353686,COc1ccc([C@H]2CC(c3cccc(-n4cnnn4)c3)=NN2C(C)=O)cc1,-6.773,1,train
10273159,CSc1ccc(-c2cc(C(F)(F)F)nn2-c2ccc(S(N)(=O)=O)cc2)cc1,-11.209,1,train
10246625,CS(=O)(=O)c1ccc(C2=C3c4ccccc4CC[C@H]3OC2=O)cc1,-10.155,1,train
44456842,Cc1ccc(CNc2cc(C(F)(F)F)nc(-c3ccc(S(C)(=O)=O)cc3)n2)cc1,-10.843,1,train
11046805,CS(=O)(=O)c1ccc(-n2cnc(Cl)c2-c2ccc(Cl)cc2)cc1,-10.218,1,train
90654521,COc1ccc(C2=C(c3ccc(S(N)(=O)=O)cc3)C(=O)N(C)C2=O)cc1,-10.672,1,train
18969738,CS(=O)(=O)c1ccc(C2=C(c3ccccc3)C(=O)C2)cc1,-9.625,1,train
44336354,CC(C(=O)O)c1ccc(-c2ccc3[nH]ccc3c2)cc1,-8.8,1,train
10501037,Cc1ccc(-c2nc(C(F)(F)F)cn2-c2ccc(S(C)(=O)=O)cc2)cc1F,-11.057,1,train
168293127,Cc1ccc(-n2nc(C(F)(F)F)cc2-c2ccc(S(=O)(=O)Nc3ccc(F)cc3)cc2)cc1,-9.883,1,train
10069246,Cc1ccc(-c2cc(C(F)(F)F)nn2-c2ccc(S(N)(=O)=O)cc2)c(C)c1,-11.305,1,train
CHEMBL49008,CC(C)(C)c1cc(C=C2SC(=O)NC2=O)cc(C(C)(C)C)c1O,-7.826,1,train
44394120,CS(=O)(=O)c1ccc(-c2ccc(F)c(F)c2-c2ccc(F)cc2)cc1,-11.161,1,train
9930747,CS(=O)(=O)c1ccc(-c2cnn(CC3CC3)c(=O)c2-c2ccc(F)cc2)cc1,-11.348,1,train
70696152,COc1ccccc1-c1csc(Nc2ccc3c(c2)OCO3)n1,-6.646,1,train
10598578,CSc1ccc(-c2cc(C(F)(F)F)nn2-c2ccc(S(N)(=O)=O)cc2)cc1C,-11.699,1,train
168475851,Nc1c(C(=O)NN=Cc2ccc(O)cc2)cnn1-c1ccc(S(N)(=O)=O)cc1,-9.0,1,train
25258347,CS(=O)(=O)c1ccc(-n2nc(C(F)(F)F)cc2-c2ccnc(Cl)c2)cc1,-10.788,1,train
11337592,NS(=O)(=O)c1ccc(-c2cc3c(cc2Cc2ccccc2)OCO3)cc1,-11.1,1,train
25258350,NS(=O)(=O)c1ccc(-n2nc(C(F)(F)F)cc2-c2ccn(C(F)F)c(=O)c2)cc1,-11.534,1,train
44371407,CS(=O)(=O)c1ccc(-c2c(-c3ccccc3)sc3ncnn23)cc1,-9.98,1,train
11279052,Cc1[nH]c2cc(S(C)(=O)=O)ccc2c1Cc1ccc(Cl)cc1,-10.208,1,train
11731998,CS(=O)(=O)c1ccc(-c2cnc(Br)n2-c2ccc(F)cc2)cc1,-10.049,1,train
9865298,Cc1cc(=O)c(Oc2ccc(F)cc2F)c(-c2ccc(S(C)(=O)=O)cc2)o1,-10.626,1,train
44316373,NS(=O)(=O)c1ccc(C2=Cc3ccccc3[C@@H]2c2ccc(F)cc2)cc1,-11.5,1,train
22643554,Cc1cc(Cl)cc(-c2nc(C(F)(F)F)cn2-c2ccc(S(N)(=O)=O)cc2)c1,-11.542,1,train
11067992,Cc1ccc(-c2c(Cl)ncn2-c2ccc(S(C)(=O)=O)cc2)cc1,-10.562,1,train
9905875,CC[C@]1(C)OC(=O)C(OC(C)C)=C1c1ccc(S(C)(=O)=O)cc1,-8.945,1,train
10021497,Cc1ccc(-c2c(-c3ccc(S(C)(=O)=O)cc3)[nH]c3ccccc23)cc1,-11.386,1,train
45487106,O=C(O)c1cc(-c2ccn(C(F)F)c(=O)c2)ccc1O,-7.411,1,train
10133748,CS(=O)(=O)c1ccc(-c2cc3c(cc2C=C2CCCCC2)OCO3)cc1,-10.876,1,train
9825432,COc1ccc2c(c1F)CSc1c(C(F)(F)F)nn(-c3ccc(S(N)(=O)=O)cc3)c1-2,-11.652,1,train
X111,Cc1cccnc1-c1nc(C(F)(F)F)cn1-c1ccc(S(C)(=O)=O)cc1,-10.79,1,train
122184819,Cc1ccc(-c2c(Cl)c(CO[N+](=O)[O-])nn2-c2ccc(S(N)(=O)=O)cc2)cc1,-10.961,1,train
CHEMBL48568,CC(C)(C)c1cc(C=C2OC(=O)NC2=O)cc(C(C)(C)C)c1O,-6.69,1,train
10497881,Cc1nn(-c2ccc(S(N)(=O)=O)cc2)c(-c2ccccc2)c1Cl,-10.544,1,train
10594681,CS(=O)(=O)c1ccc(C2=C(c3ccc(F)c(F)c3)CC3(CC3)C2)cc1,-11.711,1,train
10221859,Cc1ccc(Oc2c(-c3ccc(S(C)(=O)=O)cc3)oc(C)cc2=O)c(F)c1,-10.041,1,train
10936484,Cc1nc(-c2ccc(F)cc2)c(-c2ccc(S(N)(=O)=O)cc2)o1,-10.644,1,train
10832407,CS(=O)(=O)c1ccc(-c2ccccc2-c2ccc(F)c(Cl)c2)cc1,-10.752,1,train
44456665,NS(=O)(=O)c1ccc(-c2nc(NCC3CCCCC3)cc(C(F)(F)F)n2)cc1,-10.925,1,train
71449035,CS(=O)(=O)c1ccc(-c2cc(/C=C\CC[N+](=O)[O-])nn2C2CCCCC2)cc1,-9.29,1,train
10786868,Cc1cc(C)n2nc(-c3ccc(S(C)(=O)=O)cc3)c(-c3ccc(F)cc3)c2n1,-10.412,1,train
44366732,CC(C)=Cc1cc(/C=C/S(N)(=O)=O)cc(C(=O)c2ccccc2)c1,-10.248,1,train
10178729,NS(=O)(=O)c1ccc(C2=C(c3ccc(Cl)c(Cl)c3)CC3(CC3)C2)cc1,-11.676,1,train
CHEMBL441414,CC(C(=O)O)c1ccc(C[C@H]2CCC[C@@H]2O)cc1,-6.875,1,train
10501958,Cc1cc(Cl)cc(-c2nc(C(F)(F)F)cn2-c2ccc(S(C)(=O)=O)cc2)c1,-11.357,1,train
9846581,CS(=O)(=O)c1ccc(-c2cnn(Cc3ccccc3)c(=O)c2Oc2ccc(F)cc2)cc1,-8.633,1,train
44394264,NS(=O)(=O)c1ccc(-c2ccc(F)c(F)c2-c2ccc(F)cc2)cc1,-11.81,1,train
10452350,Cc1ccccc1-c1nc(C(F)(F)F)cn1-c1ccc(S(C)(=O)=O)cc1,-11.151,1,train
CHEMBL262849,CS(=O)(=O)c1ccc(C#Cc2cccnc2)cc1,-7.063,1,train
10948456,COc1ccc(-c2c(Cl)ncn2-c2ccc(S(C)(=O)=O)cc2)cc1,-10.481,1,train
10110822,Cc1cc(=O)c(Oc2ccc(F)cc2C)c(-c2ccc(S(C)(=O)=O)cc2)o1,-10.351,1,train
9907758,CCOc1ccc(-c2c(Cl)ncn2-c2ccc(S(N)(=O)=O)cc2)cc1,-9.827,1,train
10623882,Cc1c(S(=O)(=O)C(F)(F)F)cc(-c2ccc(S(C)(=O)=O)cc2)n1-c1ccc(F)cc1,-11.286,1,train
X101,Cc1cncc(-c2nc(C(F)(F)F)cn2-c2ccc(S(C)(=O)=O)cc2)c1,-10.991,1,train
10787918,COc1cc(F)cc(-c2nc(C(F)(F)F)cn2-c2ccc(S(C)(=O)=O)cc2)c1,-9.647,1,train
44456711,COCCOc1cc(NCc2cccs2)nc(-c2ccc(S(C)(=O)=O)cc2)n1,-10.272,1,train
10665362,CS(=O)(=O)c1ccc(C2=C(c3cncc(Cl)c3)C(=O)CC2)cc1,-10.27,1,train
10524532,CS(=O)(=O)c1ccc(C2=C(c3cc(Br)ccn3)C(=O)CC2)cc1,-9.967,1,train
44456841,CS(=O)(=O)c1ccc(-c2nc(Cl)cc(NCc3ccccc3)n2)cc1,-9.733,1,train
10759467,Cc1ccc(C2=C(c3ccc(S(C)(=O)=O)cc3)CC3(CC3)C2)cc1,-10.942,1,train
44330414,COc1ccc(-c2cscc2-c2ccc(S(N)(=O)=O)cc2)cc1F,-10.887,1,train
136029176,Cc1nn(-c2ccc(S(N)(=O)=O)cc2)c2c1c(=O)[nH]c1ccc([N+](=O)[O-])cc12,-10.571,1,train
10135355,CNc1ccc(-c2cc(C(F)(F)F)nn2-c2ccc(S(N)(=O)=O)cc2)cc1,-11.299,1,train
CHEMBL552081,CS(=O)(=O)c1ccc(-c2cc(C(F)(F)F)nc(OC3CCCCC3)n2)cc1,-9.886,1,train
44327884,NS(=O)(=O)c1ccc(-n2nc(C(F)(F)F)c3c2-c2cc(F)ccc2CS3)cc1,-8.712,1,train
9929308,CCc1csc(Sc2cc3c(cc2NS(C)(=O)=O)COC3=O)n1,-6.208,1,train
9906472,NS(=O)(=O)c1ccc(C2=C(c3ccc(F)c(Cl)c3)CCC2)cc1,-11.171,1,train
44370503,CC1(Cn2ncc(-c3ccc(S(C)(=O)=O)cc3)c(-c3ccc(F)cc3)c2=O)CC1,-11.481,1,train
11739083,CS(=O)(=O)Nc1ccncc1Oc1ccc(Cl)cc1Cl,-7.759,1,train
10711484,Cc1cccc(-n2c(-c3ccc(S(N)(=O)=O)cc3)coc2=O)c1,-10.516,1,train
10269858,Cc1ccc(-c2ncc(Cl)cc2-c2ccc(S(N)(=O)=O)cc2)cn1,-10.562,1,train
164621981,CCCCOc1nc(OCC2(O)CCC2)c(-c2ccc(S(C)(=O)=O)cc2)cc1CO,-7.811,1,train
44364555,NS(=O)(=O)c1ccc(-n2nc(C(F)(F)F)cc2-c2ccc(Cl)cc2)cc1CO,-9.68,1,train
22285784,Cc1ccc2[nH]c(-c3ccc(S(N)(=O)=O)cc3)c(-c3ccccc3)c2c1,-9.291,1,train
44339126,CS(=O)(=O)c1ccc(-c2cc3c(cc2-c2ccc(F)cc2)COC3)cc1,-11.402,1,train
CHEMBL8998,O=C1c2ccccc2C(=O)N1CCn1ccc(=O)[nH]c1=O,-6.385,1,train
44250139,CS(=O)(=O)c1ccc(-c2cnc([C@@H](O)c3ccccc3)nc2-c2ccc(F)cc2)cc1,-8.972,1,train
10666170,Cc1ccc(-c2cc(F)c(F)cc2-c2ccc(S(N)(=O)=O)cc2)cc1,-11.569,1,train
CHEMBL434673,CC(C)Oc1c(-c2ccc(S(C)(=O)=O)cc2)cnn(Cc2ccccc2)c1=O,-7.826,1,train
44291336,Cc1cc(-c2ccc(NS(C)(=O)=O)cc2)n(-c2ccc(Cl)cc2)n1,-10.281,1,train
171352463,CS(=O)(=O)c1ccc(C(=O)/C=C/c2cccc(F)c2F)cc1,-9.821,1,train
164615836,CCCCOc1nc(OCC(C)(C)O)c(-c2ccc(S(N)(=O)=O)cn2)cc1CO,-7.781,1,train
162672146,C/C(=N/NC(N)=O)c1nnn(-c2ccc(S(=O)(=O)Nc3nccs3)cc2)c1C,-5.634,1,train
10271231,Cc1cccc(-c2nc(C(F)(F)F)cn2-c2ccc(S(N)(=O)=O)cc2)n1,-11.187,1,train
10156660,Cc1ccccc1-c1cc(C(F)(F)F)nn1-c1ccc(S(N)(=O)=O)cc1,-11.516,1,train
118705855,CS(=O)(=O)c1ccc(N2N=C(C(F)(F)F)C[C@H]2c2ccc3c(c2)OCCO3)cc1,-10.248,1,train
159271,Cc1nc(C2CCCCC2)c(-c2ccc(S(N)(=O)=O)c(F)c2)o1,-10.413,1,train
44456839,CS(=O)(=O)c1ccc(-c2nc(Cl)cc(NCc3cccs3)n2)cc1,-9.696,1,train
22285782,NS(=O)(=O)c1ccc(-c2[nH]c3ccccc3c2-c2ccc(O)cc2)cc1,-10.824,1,train
44293798,CS(=O)(=O)c1ccc(-c2cn(-c3ccccc3)c(O)c2-c2ccc(F)cc2)cc1,-10.628,1,train
10830394,CS(=O)(=O)c1ccc(C2=C(c3ccc(F)cc3)C(=O)OC2)cc1,-10.101,1,train
10991235,NS(=O)(=O)c1ccc(-n2cnc(Cl)c2-c2ccccc2)cc1,-10.439,1,train
10572128,NS(=O)(=O)c1ccc(-n2cc(C(F)(F)F)nc2-c2ccc(F)cc2)cc1,-11.569,1,train
9836698,Cc1[nH]c2cc(S(C)(=O)=O)ccc2c1Oc1ccc(F)cc1,-10.102,1,train
10200640,CC1(C)OC(=O)C(Oc2ccc(F)cc2F)=C1c1ccc(S(C)(=O)=O)cc1,-8.606,1,train
44330646,COc1ccc(-c2cscc2-c2ccc(S(C)(=O)=O)cc2)cc1F,-9.301,1,train
44456591,Cc1ccc(CNc2cc(C(F)(F)F)nc(-c3ccc(S(C)(=O)=O)cc3)n2)s1,-10.916,1,train
5090,CS(=O)(=O)c1ccc(C2=C(c3ccccc3)C(=O)OC2)cc1,-9.602,1,train
44394151,Cc1ccc(-c2c(-c3ccc(S(N)(=O)=O)cc3)ccc(F)c2F)cc1C,-11.987,1,train
44290866,CN(C)c1ccc(-n2nc(C(F)(F)F)cc2-c2ccc(NS(C)(=O)=O)cc2)cc1,-10.705,1,train
11025137,COC(=O)c1cc2cc(S(C)(=O)=O)ccc2n1Cc1ccc(OC)cc1,-9.691,1,train
119607,Cc1onc(-c2ccccc2)c1-c1ccc(S(N)(=O)=O)cc1,-9.136,1,train
CHEMBL259429,Cc1cccnc1C#Cc1ccc(S(N)(=O)=O)cc1,-8.127,1,train
3058754,COc1ccc(-c2cc(C(F)F)nn2-c2ccc(S(N)(=O)=O)cc2)cc1F,-11.131,1,train
71583443,CCS(=O)(=O)c1nc(-c2ccc(S(C)(=O)=O)cc2)c(-c2ccccc2)[nH]1,-9.991,1,train
11794221,Cc1ccn2nc(-c3ccc(S(C)(=O)=O)cc3)c(-c3ccc(F)cc3)c2n1,-10.219,1,train
45268661,CC[C@H](C)Nc1nc(-c2ccc(S(C)(=O)=O)cc2)cc(C(F)(F)F)n1,-9.793,1,train
8446687,CS(=O)(=O)c1ccc(C(=O)/C=C\c2ccc(Cl)c(Cl)c2)cc1,-7.165,1,val
155530097,N#CCC(=O)Nc1nnc(-c2ccc(Cl)cc2)o1,-6.748,1,val
10621562,Cc1c(CC(F)(F)F)cc(-c2ccc(S(C)(=O)=O)cc2)n1-c1ccc(F)cc1,-11.913,1,val
22034354,COc1ccc(Sc2c(C)[nH]c3cc(S(C)(=O)=O)ccc23)cc1,-9.703,1,val
CHEMBL261429,NS(=O)(=O)c1ccc(N2N=C(C(F)(F)F)C[C@H]2c2c[nH]c3c(Cl)cccc23)cc1,-11.663,1,val
45271088,CS(=O)(=O)c1ccc(-c2cc(C(F)(F)F)nc(NCC3CCCCC3)n2)cc1,-10.568,1,val
10501652,CN(C)c1ccc(-c2nc(C(F)(F)F)cn2-c2ccc(S(C)(=O)=O)cc2)cc1,-11.108,1,val
10926603,Cc1ccc(-c2c(Cl)ncn2-c2ccc(S(C)(=O)=O)cc2)cc1F,-10.965,1,val
10156700,COc1cc(-c2c(Cl)ncn2-c2ccc(S(N)(=O)=O)cc2)ccc1F,-10.942,1,val
24882361,CCOc1cc(NCc2cccs2)nc(-c2ccc(S(C)(=O)=O)cc2)n1,-10.252,1,val
18933706,NS(=O)(=O)c1ccc(C2=C(c3ccc(F)cc3)CC3(CCC3)C2)cc1,-11.804,1,val
10646465,CS(=O)(=O)c1ccc(-n2cc(C(F)(F)F)nc2-c2cccc(C(F)(F)F)c2)cc1,-10.851,1,val
45271997,CC(C)(C)Oc1nc(-c2ccc(S(C)(=O)=O)cc2)cc(C(F)(F)F)n1,-8.835,1,val
44456662,CCc1c(NCc2cccs2)nc(-c2ccc(S(C)(=O)=O)cc2)nc1C(F)(F)F,-10.732,1,val
8446680,CS(=O)(=O)c1ccc(C(=O)/C=C/c2cccc(Cl)c2Cl)cc1,-9.146,1,val
19594572,CS(=O)(=O)c1ccc(-c2cc(C(F)(F)F)cnc2N2CCC[C@@H](CO)C2)cc1,-11.552,1,val
22277772,Cc1onc(-c2ccc(S(C)(=O)=O)cc2)c1-c1ccc(F)cc1,-10.392,1,val
9799387,NS(=O)(=O)c1ccc(-n2cc(C(F)(F)F)nc2-c2cccnc2)cc1,-10.968,1,val
44286434,Cc1cnc(Sc2cc3c(cc2NS(C)(=O)=O)CCC3=O)s1,-5.31,1,val
118705851,NS(=O)(=O)c1ccc(N2N=C(C(F)(F)F)C[C@H]2c2cccc3c2OCCO3)cc1,-7.443,1,val
9822332,CS(=O)(=O)c1ccc(-n2cc(C(F)(F)F)nc2-c2cccc(Cl)c2)cc1,-10.954,1,val
44456621,CC(C)CNc1cc(C(F)(F)F)nc(-c2ccc(S(C)(=O)=O)cc2)n1,-10.141,1,val
44336299,COc1cc(OC)cc(-c2ccc(C(C)C(=O)O)cc2F)c1,-8.801,1,val
10620295,Cc1ncc(-c2nc(C(F)(F)F)cn2-c2ccc(S(N)(=O)=O)cc2)s1,-10.726,1,val
CHEMBL296220,CS(=O)(=O)c1ccc(-c2cc(C(F)(F)F)cnc2Oc2ccccc2)cc1,-10.689,1,val
10981473,NS(=O)(=O)c1ccc(-n2cnc(Cl)c2-c2ccc(Cl)nc2)cc1,-10.561,1,val
9998086,Cc1ccc(-c2c(-c3ccc(S(C)(=O)=O)cc3)cn3c2CCC3)cc1,-11.305,1,val
10784838,NS(=O)(=O)c1ccc(-c2ccccc2-c2ccc(F)c(Cl)c2)cc1,-11.306,1,val
44338327,CC1(C)OC(=O)C(Oc2ccc(F)cn2)=C1c1ccc(S(C)(=O)=O)cc1,-6.08,1,val
11234177,Cc1cc(=O)c(Oc2ccc(F)cc2)c(-c2ccc(S(C)(=O)=O)cc2)o1,-10.097,1,val
171355491,COc1ccccc1/C=C\C1=NN(c2ccc(S(N)(=O)=O)cc2)C(=O)CC1,-9.738,1,val
90645135,NS(=O)(=O)c1ccc(-n2nc(C(=O)NC3CCCCC3)nc2-c2ccccc2)cc1,-8.486,1,val
11383735,Cc1cc(=O)c(Oc2ccc(Cl)cc2)c(-c2ccc(S(C)(=O)=O)cc2)o1,-10.064,1,val
11046829,CS(=O)(=O)c1ccc(-n2cnc(Cl)c2-c2cnccc2Cl)cc1,-9.106,1,val
10758721,Cc1ccc(-n2c(-c3ccc(S(C)(=O)=O)cc3)coc2=O)cc1,-10.378,1,val
155559759,N#Cc1cnn(-c2ccc(S(N)(=O)=O)cc2)c1NC(=O)CCCl,-9.327,1,val
76310401,Cc1ccc(Nc2cnccc2NS(=O)(=O)C(F)(F)F)cc1C,-7.108,1,val
44371399,Cc1nc2sc(-c3ccc(S(C)(=O)=O)cc3)c(-c3cccc(F)c3)n2n1,-10.386,1,val
44371411,COc1cccc(-c2c(-c3ccc(S(C)(=O)=O)cc3)sc3ncnn23)c1,-10.652,1,val
172456738,COc1ccc(/C=N\NC(=O)c2cnn(-c3ccc(S(N)(=O)=O)cc3)c2N)cc1,-8.365,1,val
9933456,NS(=O)(=O)c1ccc(-n2nc(-c3ccc(Cl)s3)cc2-c2ccc(Cl)cc2)cc1,-10.76,1,val
10716420,COc1ccc(-c2cc(F)c(F)cc2-c2ccc(S(C)(=O)=O)cc2)cc1Cl,-11.099,1,val
CHEMBL432463,CSc1ccc(C(=O)c2cc(F)cc(CC(=O)O)c2N)cc1,-8.322,1,val
172444170,Nc1c(C(=O)N/N=C/c2cccc([N+](=O)[O-])c2)cnn1-c1ccc(S(N)(=O)=O)cc1,-8.717,1,val
44474132,O=S(=O)(Nc1ccncc1Nc1cccc(Cl)c1)C(F)(F)F,-7.019,1,val
44456822,CCS(=O)(=O)c1cc(NCc2cccs2)nc(-c2ccc(S(C)(=O)=O)cc2)n1,-10.797,1,val
10453591,CS(=O)(=O)c1ccc(-c2cc(C(F)(F)F)nc(OCC3CCCC3)n2)cc1,-10.606,1,val
X100,Cc1ccncc1-c1nc(C(F)(F)F)cn1-c1ccc(S(C)(=O)=O)cc1,-10.836,1,val
44339284,Cc1ccncc1-c1cc(F)c(F)cc1-c1ccc(S(C)(=O)=O)cc1,-10.64,1,val
CHEMBL260841,CS(=O)(=O)c1ccc(/C=C(/C(=O)OCCO[N+](=O)[O-])c2ccc(Br)cc2)cc1,-9.752,1,val
44291232,CS(=O)(=O)Nc1ccc(-c2cc(C(F)(F)F)nn2-c2ccc(F)cc2)cc1,-10.386,1,val
10024894,CS(=O)(=O)Nc1ccc(-c2cc(C(F)(F)F)nn2-c2ccc(Cl)cc2)cc1,-10.587,1,val
127030243,CS(=O)(=O)c1ccc(-c2cc(C(F)(F)F)nc(NCc3ccc(I)cc3)n2)cc1,-9.91,1,val
10786971,COc1ccc(-n2nc(C(F)(F)F)cc2-c2ccc(S(N)(=O)=O)cc2)cc1,-10.983,1,val
44395142,CCOc1ccc(-c2nn3nc(SC)ccc3c2-c2ccc(S(N)(=O)=O)cc2)cc1,-11.186,1,val
162663036,C/C(=N/NC(N)=O)c1nnn(-c2ccc(C(=O)O)cc2)c1C,-8.272,1,val
21859785,CS(=O)(=O)c1ccc(-n2nncc2-c2ccc(Cl)cc2)cc1,-9.622,1,val
155512205,CC(Cl)C(=O)Nc1c(C#N)cnn1-c1ccc(S(N)(=O)=O)cc1,-9.811,1,val
155551847,N#Cc1cnn(-c2ccc(S(N)(=O)=O)cc2)c1/N=C/c1ccc(F)cc1,-10.734,1,val
44456642,CCCCCNc1cc(C(F)(F)F)nc(-c2ccc(S(C)(=O)=O)cc2)n1,-10.039,1,val
76328514,Cc1cc(Nc2cnccc2NS(=O)(=O)C(F)(F)F)ccc1Br,-7.063,1,val
155815558,CCCCNC(=O)c1cc(NCc2cc(O)ccc2O)ccc1O,-7.413,1,val
45267715,CS(=O)(=O)c1ccc(-c2cc(OCC(F)(F)F)nc(NC3CCCCC3)n2)cc1,-10.196,1,val
82201518,CC(=O)c1nnn(-c2ccc(C(=O)O)cc2)c1C,-7.333,1,val
10523413,COc1ccc(-c2ccccc2-c2ccc(S(N)(=O)=O)cc2)cc1Cl,-10.6,1,val
44286194,Cc1ccc(Sc2cc3c(cc2NS(C)(=O)=O)CCC3=O)nc1,-5.083,1,val
45273829,CCCNc1nc(-c2ccc(S(C)(=O)=O)cc2)cc(C(F)(F)F)n1,-9.41,1,val
151610,CC(C)CC(NC(=O)C(Cc1ccccc1)NC(=O)CNC(=O)CN)C(=O)O,-9.686,1,val
10667766,NS(=O)(=O)c1ccc(-c2coc(=O)n2-c2ccc(Cl)c(Cl)c2)cc1,-10.726,1,val
172456493,CN(C)c1ccc(/C=N\NC(=O)c2cnn(-c3ccc(S(N)(=O)=O)cc3)c2N)cc1,-9.799,1,val
155547475,N#Cc1cnn(-c2ccc(S(N)(=O)=O)cc2)c1NC(=O)CN1CCOCC1,-10.012,1,val
11625155,NS(=O)(=O)c1ccc(-c2nc3ccccc3n2-c2ccc(Cl)cc2)cc1,-11.585,1,val
10686987,Cc1ccc(-c2ccc(S(C)(=O)=O)cc2)n1C1CCCCC1,-10.142,1,val
CHEMBL70411,Cc1c(C)c2c(c(C(CCCCCC(=O)O)c3ccc(F)cc3)c1O)CCC2=O,-8.7,1,val
15429222,Cc1nc(C2CCCCCC2)c(-c2ccc(S(C)(=O)=O)cc2)o1,-9.975,1,val
44541795,CC(C)Cc1ccc(C(CF)C(=O)O)cc1,-6.858,1,val
44393815,Cc1[nH]c2cc(S(C)(=O)=O)ccc2c1C(=O)c1ccc(F)cc1,-10.576,1,val
19426793,CS(=O)(=O)c1ccc(-c2c(-c3ccccc3)sc3nncn23)cc1,-10.181,1,val
10362509,NS(=O)(=O)c1ccc(-c2[nH]c3ccccc3c2-c2ccc(Cl)cc2)cc1,-11.483,1,val
10596233,NS(=O)(=O)c1ccc(C2=C(c3ccc(C(F)(F)F)c(F)c3)CCC2)cc1,-10.517,1,val
44371457,Cc1nc2sc(-c3ccc(S(C)(=O)=O)cc3)c(-c3ccccc3)n2n1,-9.764,1,val
44336367,C=CCc1cccc(-c2ccc(C(C)C(=O)O)cc2)c1,-8.264,1,val
44393845,COc1ccc(Oc2c(C)[nH]c3cc(S(C)(=O)=O)ccc23)cc1,-9.355,1,val
10251114,C[C@H]1C[C@H]1Cn1ncc(-c2ccc(S(C)(=O)=O)cc2)c(-c2ccc(F)cc2)c1=O,-11.64,1,val
10200861,Cc1cc(F)cc(-c2nc(C(F)(F)F)cn2-c2ccc(S(C)(=O)=O)cc2)c1,-11.303,1,val
10504537,Cc1c(COc2ccc(Cl)cc2)cc(-c2ccc(S(C)(=O)=O)cc2)n1-c1ccc(F)cc1,-8.206,1,val
10894407,C[C@@H]1Cc2cc(-c3c(Cl)ncn3-c3ccc(S(C)(=O)=O)cc3)ccc2O1,-10.401,1,val
44475842,COc1ccc(Nc2cnccc2NS(=O)(=O)C(F)(F)F)cc1,-6.055,1,val
10157624,COc1ccc(-c2c(Cl)ncn2-c2ccc(S(C)(=O)=O)cc2)cc1Cl,-10.784,1,val
45267769,Cc1ccc(Nc2nc(-c3ccc(S(C)(=O)=O)cc3)cc(C(F)(F)F)n2)cc1,-10.972,1,val
12088670,NS(=O)(=O)c1ccc(-c2cscc2-c2ccc(F)cc2)cc1,-10.728,1,val
44364629,Cc1ccc(-c2cc(C(F)(F)F)nn2-c2ccc(S(N)(=O)=O)c(CO)c2)cc1,-9.634,1,val
10524857,COc1c(C(F)(F)F)nn(-c2ccc(S(N)(=O)=O)cc2)c1-c1ccccc1,-11.383,1,val
443373,CS(=O)(=O)c1ccc(C2=C(c3ccc(F)cc3)CCC2)cc1,-10.645,1,val
44456613,CS(=O)(=O)c1ccc(-c2nc(Cl)cc(NCc3ccc(F)cc3)n2)cc1,-9.58,1,val
44456617,Cc1ccsc1CNc1cc(C(F)(F)F)nc(-c2ccc(S(C)(=O)=O)cc2)n1,-10.644,1,val
11069216,COC(=O)c1cc2cc(S(C)(=O)=O)ccc2n1C(=O)c1ccc(Cl)cc1,-9.88,1,val
X115,Cc1cccnc1-c1nc(C(F)(F)F)cn1-c1ccc(S(N)(=O)=O)cc1,-11.054,1,val
45272025,Cn1cccc1Cc1ncc(-c2ccc(S(C)(=O)=O)cc2)c(-c2ccc(F)cc2)n1,-9.749,1,val
9908677,CCc1ccc(-c2cc(C(F)(F)F)nn2-c2ccc(S(N)(=O)=O)cc2)cc1,-11.989,1,val
15516798,Cc1ccc(OC2=C(c3ccc(S(C)(=O)=O)cc3)C(C)(C)OC2=O)cc1,-8.931,1,val
10596725,CS(=O)(=O)c1ccc(C2=C(c3ccc(Cl)c(Cl)c3)CC3(CC3)C2)cc1,-11.47,1,val
44456615,Cc1c(NCc2ccc(F)cc2)nc(-c2ccc(S(C)(=O)=O)cc2)nc1C(F)(F)F,-10.815,1,val
44394200,COc1ccc(-c2c(-c3ccc(S(C)(=O)=O)cc3)ccc(F)c2F)cc1F,-10.027,1,val
10620563,CSCc1cn(-c2ccc(S(C)(=O)=O)cc2)c(-c2ccc(Cl)cc2)n1,-10.931,1,val
71583324,CSc1nc(-c2ccc(S(C)(=O)=O)cc2)c(-c2ccccc2)[nH]1,-10.202,1,val
10156006,CC1(C)OC(=O)C(C(=O)c2ccccc2)=C1c1ccc(S(C)(=O)=O)cc1,-10.579,1,val
45269513,NS(=O)(=O)c1ccc(-c2cc(C(F)(F)F)nc(NC3CCCCC3)n2)cc1,-10.696,1,val
10760894,CS(=O)(=O)c1ccc(C2=C(c3ccc(Cl)cc3)CC3(CC3)C2)cc1,-10.319,1,val
17816126,CCOC(=O)c1nc(-c2ccc(F)cc2)c(-c2ccc(S(C)(=O)=O)cc2)s1,-10.708,1,val
10200745,CCOc1ccc(-c2c(Cl)ncn2-c2ccc(S(N)(=O)=O)cc2)cc1F,-10.339,1,val
5100138,Cc1c(C(=O)C(F)(F)F)cc(-c2ccc(S(C)(=O)=O)cc2)n1-c1ccc(F)cc1,-11.781,1,val
42612240,Nc1c(C(=O)N/N=C/c2ccccc2)cnn1-c1ccc(S(N)(=O)=O)cc1,-9.627,1,val
11732339,CN(C)c1ccc(-c2c(Cl)ncn2-c2ccc(S(C)(=O)=O)cc2)cc1Cl,-10.844,1,val
10836128,CCc1cc(-c2cc(C(F)(F)F)nn2-c2ccc(S(N)(=O)=O)cc2)ccc1OC,-11.451,1,val
52942521,NS(=O)(=O)c1ccc(-c2cc(Cl)cc3c2O[C@H](C(F)(F)F)C(C(=O)O)=C3)cc1,-10.737,1,val
44374403,CCc1ccc(-c2nc(C)oc2-c2ccc(S(C)(=O)=O)cc2)s1,-10.125,1,val
9803459,CSc1ccc(-c2cc(C(F)(F)F)nn2-c2ccc(S(N)(=O)=O)c(CO)c2)cc1,-9.596,1,val
10199643,CS(=O)(=O)c1ccc(-c2cc(C(F)(F)F)cnc2-c2cccnc2)cc1,-10.558,1,val
44326499,CS(=O)(=O)c1ccc(-c2cccnc2-c2cccnc2)cc1,-9.43,1,val
10041271,Cc1nc(-c2ccccc2)c(-c2ccc(S(C)(=O)=O)cc2)o1,-9.986,1,val
10523190,CS(=O)(=O)c1ccc(C2=C(c3ccc(F)cc3)CC3(CCCC3)C2)cc1,-11.813,1,val
10784589,CS(=O)(=O)c1ccc(-n2cc(C#N)nc2-c2ccc(Cl)cc2)cc1,-9.903,1,val
44336308,CCOc1cccc(-c2ccc(C(C)C(=O)O)cc2F)c1,-8.407,1,val
44394233,Cc1cc(-c2c(-c3ccc(S(C)(=O)=O)cc3)ccc(F)c2F)ccc1F,-11.809,1,val
9950669,CC1(C)OC(=O)C(Oc2ccccc2)=C1c1ccc(S(C)(=O)=O)cc1,-8.293,1,val
118706109,CS(=O)(=O)c1ccc(N2N=C(C(F)(F)F)C[C@H]2c2ccc3c(c2)OCO3)cc1,-10.558,1,val
44404395,NS(=O)(=O)c1ccc(-c2c(-c3ccccc3)noc2CCF)cc1,-11.076,1,val
24205505,CS(=O)(=O)c1ccc(-c2nc(NCc3cccs3)cc(C(F)(F)F)n2)cc1,-10.404,1,val
44343803,NS(=O)(=O)c1ccc(-n2cnc(Cl)c2-c2cc(Cl)cc(Cl)c2)cc1,-10.747,1,val
44456713,CS(=O)(=O)c1ccc(-c2nc(NCc3ccco3)cc(C(F)(F)F)n2)cc1,-9.897,1,val
11808877,CC(=O)c1c(O)cc(O)c(C/C=C(/C)CCC=C(C)C)c1O,-8.236,1,val
155560713,NS(=O)(=O)c1ccc(-n2nc(C(=O)N3CCOCC3)cc2-c2ccc(Cl)cc2)cc1,-5.964,1,val
11783741,CCOc1ccc(-c2c(Cl)ncn2-c2ccc(S(C)(=O)=O)cc2)cc1,-9.347,1,val
3177,CS(=O)(=O)c1ccc(-c2cc(Br)sc2-c2ccc(F)cc2)cc1,-10.477,1,val
11211879,CS(=O)(=O)c1ccc(-c2cc(C(F)(F)F)cnc2C(=O)c2ccccc2)cc1,-11.042,1,val
CHEMBL47540,C[C@]1(O)CCC[C@H]1Oc1ncc(C(F)(F)F)cc1-c1ccc(S(C)(=O)=O)cc1,-10.343,1,val
10543451,CC(C)(C)C#CC1=C(c2ccc(S(C)(=O)=O)cc2)CCC1=O,-9.199,1,val
10549795,CS(=O)(=O)c1ccc(C2=C(c3cc(Cl)c(Cl)c(Cl)c3)C(=O)CC2)cc1,-10.916,1,val
10200639,CC1(C)OC(=O)C(Oc2cc(F)cc(F)c2)=C1c1ccc(S(C)(=O)=O)cc1,-7.631,1,val
22034360,Cc1[nH]c2cc(S(C)(=O)=O)ccc2c1Oc1ccc(F)cc1F,-10.208,1,val
10644539,NS(=O)(=O)c1ccc(-n2nc(CO)c(Cl)c2-c2ccc(Cl)cc2)cc1,-11.01,1,val
10671076,NS(=O)(=O)c1ccc(-n2cc(C(F)(F)F)nc2-c2cncc(Br)c2)cc1,-10.892,1,val
44447993,CCOc1cccc(OCC)c1-c1ccc(C(C)C(=O)O)cc1F,-8.067,1,val
10293242,Cc1ccc(-c2nc(C(F)(F)F)cn2-c2ccc(S(N)(=O)=O)cc2)cn1,-11.304,1,val
155532032,N#Cc1cnn(-c2ccc(S(N)(=O)=O)cc2)c1/N=C\c1ccc(Cl)cc1,-9.546,1,val
168291294,COc1cc(-c2ccc(S(C)(=O)=O)cc2)nc(NCc2cccs2)n1,-10.044,1,val
10523033,NS(=O)(=O)c1ccc(C2=C(c3ccc(Cl)c(Cl)c3)CCC2)cc1,-10.864,1,val
9946200,Cc1cn(-c2ccc(S(C)(=O)=O)cc2)c(-c2ccc(Cl)cc2)n1,-10.303,1,val
10386019,Cc1cnc2c(-c3ccc(F)cc3)c(-c3ccc(S(C)(=O)=O)cc3)nn2c1C,-10.989,1,val
X094,COCc1cn(-c2ccc(S(C)(=O)=O)cc2)c(-c2ccc(Cl)cc2)n1,-9.79,1,val
CHEMBL296370,C[C@H](CO)Sc1ncc(C(F)(F)F)cc1-c1ccc(S(C)(=O)=O)cc1,-10.816,1,val
8446789,CS(=O)(=O)c1ccc(C(=O)/C=C/c2ccc(F)c(F)c2)cc1,-9.611,1,val
23225437,Cc1cn2c(-c3ccccc3)c(-c3ccc(S(C)(=O)=O)cc3)nc2s1,-10.173,1,val
154926442,CS(=O)(=O)c1ccc(-c2cc3ccccc3n2Cc2ccc(Cl)cc2)cc1,-10.647,1,val
44394196,Cc1cc(-c2c(-c3ccc(S(N)(=O)=O)cc3)ccc(F)c2F)ccc1F,-12.228,1,val
44456824,CCS(=O)(=O)c1cc(NCc2ccccc2)nc(-c2ccc(S(C)(=O)=O)cc2)n1,-10.761,1,val
71583438,CS(=O)(=O)c1ccc(-c2[nH]c(S(C)(=O)=O)nc2-c2ccc(F)cc2)cc1,-10.386,1,val
21948438,CC1(C)OC(=O)C(Oc2ncccc2Cl)=C1c1ccc(S(C)(=O)=O)cc1,-7.99,1,val
10991648,CS(=O)(=O)c1ccc(-n2cnc(Cl)c2-c2ccc(N)cc2)cc1,-9.829,1,val
9802596,COc1ccc(-c2cc(C(F)(F)F)nn2-c2ccc(S(N)(=O)=O)c(CO)c2)cc1,-11.011,1,val
10782440,NS(=O)(=O)c1ccc(-c2ccccc2-c2ccc(F)cc2)cc1,-11.288,1,val
10784741,Cc1ccc(-c2cc(F)c(F)cc2-c2ccc(S(N)(=O)=O)cc2)nc1,-10.926,1,val
10361245,Cc1ccc(-c2cc(CCl)nn2-c2ccc(S(N)(=O)=O)cc2)cc1,-11.102,1,val
44293290,CS(=O)(=O)c1ccc(-c2cc(C(F)(F)F)cnc2OC(C(F)(F)F)C(F)(F)F)cc1,-10.184,1,val
21948533,CC1(C)OC(=O)C(Oc2cccc3cnccc23)=C1c1ccc(S(C)(=O)=O)cc1,-10.569,1,val
16007066,Cc1ccc(-c2cc(C(F)(F)F)nn2-c2ccc(-c3nn[nH]n3)cc2)cc1,-10.208,1,val
44395118,CCOc1ccc2c(-c3ccc(S(C)(=O)=O)cc3)c(-c3ccc(F)cc3)nn2n1,-10.617,1,val
10667216,CN(C)c1ccc(C2=C(c3ccc(S(C)(=O)=O)cc3)CCC2)cc1Cl,-11.13,1,val
CHEMBL605820,Cc1c(CC(=O)OC(C)C)cc(-c2ccc(S(C)(=O)=O)cc2)n1-c1ccccc1,-5.566,1,val
10620570,CS(=O)(=O)c1ccc(C2=C(c3ccc(Cl)cc3Cl)CC3(CC3)C2)cc1,-10.412,1,val
44563802,Oc1cc(O)cc(/C=C/c2cccc(F)c2)c1,-7.898,1,val
10498736,CS(=O)(=O)c1ccc(C2=C(c3ccc(F)cc3F)CC3(CC3)C2)cc1,-11.409,1,val
22285775,CS(=O)(=O)c1ccc(-c2[nH]c3ccc(F)cc3c2-c2ccccc2)cc1,-10.146,1,val
10223461,CCn1nc(-c2ccc(S(N)(=O)=O)cc2)c(-c2ccc(F)cc2)c1C(F)(F)F,-11.757,1,val
156587566,CCCOc1nc(OCC(C)(C)O)c(-c2ccc(S(C)(=O)=O)cc2)cc1CO,-7.632,1,val
162662740,C/C(=N/NC(N)=S)c1nnn(-c2ccc(S(=O)(=O)Nc3nccs3)cc2)c1C,-6.485,1,val
10714590,CN(C)c1ccc(C2=C(c3ccc(S(N)(=O)=O)cc3)CCC2)cc1Cl,-11.253,1,val
10572129,NS(=O)(=O)c1ccc(-n2cc(C(F)(F)F)nc2-c2cccc(F)c2)cc1,-11.282,1,val
10644309,Cc1ccc(-c2cc(F)c(F)cc2-c2ccc(S(N)(=O)=O)cc2)cc1Cl,-11.732,1,val
136152996,CS(=O)(=O)c1ccc(-c2nc(=O)cc(NCc3ccccc3)[nH]2)cc1,-9.819,1,val
443378,CS(=O)(=O)c1ccc(-c2cc(Cl)cnc2-c2cccnc2)cc1,-9.866,1,val
22911810,CCc1nc(-c2ccc(F)cc2)c(-c2ccc(S(C)(=O)=O)cc2)s1,-11.077,1,val
9822357,CS(=O)(=O)c1ccc(-c2cc(C(F)(F)F)nc(NC3CCOCC3)n2)cc1,-10.609,1,val
10574823,COc1ccc(C2=C(c3ccc(S(N)(=O)=O)cc3)CC3(CC3)C2)cc1Br,-10.694,1,val
44275214,COc1ccc2c(c1)c(CC(=O)NC[C@@H](C)O)c(C)n2C(=O)c1ccc(Cl)cc1,-8.294,1,val
44291228,CS(=O)(=O)Nc1ccc(-c2cc(C(F)(F)F)nn2-c2ccc(Br)cc2)cc1,-10.423,1,val
10667341,NS(=O)(=O)c1ccc(C2=C(c3ccc(F)c(Cl)c3)CC3(CC3)C2)cc1,-11.858,1,val
155530946,CC(=O)Nc1c(C#N)cnn1-c1ccc(S(=O)(=O)NC(C)=O)cc1,-8.229,1,val
11429689,CS(=O)(=O)c1ccc(-c2nc(NCc3ccccc3)cc(C(F)(F)F)n2)cc1,-10.41,1,val
7019898,CC(C)(C)OC(=O)N1CCCC1C(=O)NC(Cc1ccccc1)C(=O)O,-4.697,1,val
10692761,NS(=O)(=O)c1ccc(-n2nc(C(F)(F)F)cc2-c2ccc3c(c2)CCC3)cc1,-11.817,1,test
10046378,NS(=O)(=O)c1ccc(-c2cc(F)c(F)cc2-c2ccc(F)c(Cl)c2)cc1,-11.81,1,test
44394041,Cc1ccc(-c2c(-c3ccc(S(N)(=O)=O)cc3)ccc(F)c2F)cc1,-11.662,1,test
9822818,CN(C)c1ccc(-c2cc(C(F)(F)F)nn2-c2ccc(S(N)(=O)=O)cc2)cc1,-11.64,1,test
10199832,Cc1cccc(-c2cc(C(F)(F)F)nn2-c2ccc(S(N)(=O)=O)cc2)c1,-11.405,1,test
44394040,Cc1ccc(-c2c(-c3ccc(S(C)(=O)=O)cc3)ccc(F)c2F)cc1,-11.368,1,test
9865547,COc1ccc(-c2cc(C(F)(F)F)nn2-c2ccc(S(N)(=O)=O)cc2)cc1,-11.288,1,test
9800211,NS(=O)(=O)c1ccc(-n2nc(C(F)F)cc2-c2ccc(Cl)cc2)cc1,-11.077,1,test
10621294,COc1ccc(-c2cc(F)c(F)cc2-c2ccc(S(N)(=O)=O)cc2)cc1OC,-11.042,1,test
10221647,CS(=O)(=O)c1ccc(-c2cc3c(cc2C=C2CCCCCC2)OCO3)cc1,-10.953,1,test
10742263,NS(=O)(=O)c1ccc(-n2nc(C(F)(F)F)cc2-c2ccc(Br)s2)cc1,-10.933,1,test
71583442,CCSc1nc(-c2ccc(Cl)cc2)c(-c2ccc(S(C)(=O)=O)cc2)[nH]1,-10.869,1,test
CHEMBL561005,CS(=O)(=O)c1ccc(-c2cc(C(F)(F)F)nc(OC3CCCCCC3)n2)cc1,-10.854,1,test
9930803,CS(=O)(=O)c1ccc(-c2cc(C(F)(F)F)nc(NC3CCCCC3)n2)cc1,-10.789,1,test
10156402,CS(=O)(=O)c1ccc(-n2cnc(Cl)c2-c2ccc3c(c2)OCO3)cc1,-10.788,1,test
71583326,CSc1nc(-c2ccc(Cl)cc2)c(-c2ccc(S(C)(=O)=O)cc2)[nH]1,-10.723,1,test
44395128,COc1ccc2c(-c3ccc(S(N)(=O)=O)cc3)c(-c3ccc(F)cc3)nn2n1,-10.605,1,test
45267770,CS(=O)(=O)c1ccc(-c2cc(C(F)(F)F)nc(Nc3ccc(F)cc3)n2)cc1,-10.565,1,test
11759902,CS(=O)(=O)c1ccc(-n2cnc(Cl)c2-c2cccc(F)c2)cc1,-10.477,1,test
10665242,COc1ccc(-n2c(-c3ccc(S(N)(=O)=O)cc3)coc2=O)cc1,-10.448,1,test
162650690,NS(=O)(=O)c1ccc(-n2nc(C(=O)O)cc2-c2ccc(Cl)s2)cc1,-10.402,1,test
X110,CS(=O)(=O)c1ccc(-n2cc(C(F)(F)F)nc2-c2ccccn2)cc1,-10.299,1,test
168273775,COc1ccc(-c2cnc(Cl)n2-c2ccc(S(N)(=O)=O)cc2)cc1F,-10.159,1,test
9969968,CS(=O)(=O)c1ccc(-c2cc(CO[N+](=O)[O-])nn2C2CCCCC2)cc1,-10.143,1,test
44393943,COC(=O)c1[nH]c2cc(S(C)(=O)=O)ccc2c1Sc1ccc(F)cc1,-10.121,1,test
10937079,CCc1nc(C2CCCCC2)c(-c2ccc(S(N)(=O)=O)c(F)c2)o1,-10.003,1,test
12965792,NS(=O)(=O)c1ccc(-c2[nH]c3ccc(Cl)cc3c2-c2ccccc2)cc1,-9.852,1,test
155550206,Cc1ccc(-c2cc(C(=O)N3CCOCC3)nn2-c2ccc(S(N)(=O)=O)cc2)cc1,-9.771,1,test
10641092,CS(=O)(=O)c1ccc(-c2ccccc2-c2ccc(Cl)cc2)cc1,-9.724,1,test
56987559,NS(=O)(=O)c1ccc(-c2conc2-c2ccccc2)cc1,-9.533,1,test
171356973,O=C(/N=c1\scc(-c2ccc([N+](=O)[O-])cc2)n1-c1ccccc1)c1cccs1,-9.399,1,test
22034386,COc1ccc(Sc2c(C#N)[nH]c3cc(S(C)(=O)=O)ccc23)c(Cl)c1,-9.101,1,test
X012_B,Cc1c(C=O)cc(-c2ccc(S(C)(=O)=O)cc2)n1-c1ccc(F)cc1,-8.852,1,test
5509,Cc1ccc(C(=O)c2ccc(CC(=O)O)n2C)cc1,-8.74,1,test
162668973,COc1ccc(O)c(C=NNc2nc(-c3ccc(S(C)(=O)=O)cc3)cs2)c1,-8.68,1,test
22911977,NS(=O)(=O)c1ccc(-c2sc(-c3ccccc3Cl)nc2-c2ccc(F)cc2)cc1,-8.515,1,test
44338544,CC1(C)OC(=O)C(Oc2ccc3[nH]ccc3c2)=C1c1ccc(S(C)(=O)=O)cc1,-8.452,1,test
19361705,CC[C@H](C)OC1=C(c2ccc(S(C)(=O)=O)cc2)C(C)(C)OC1=O,-8.438,1,test
44394286,COc1ccc(-c2c(-c3ccc(S(N)(=O)=O)cc3)ccc(F)c2F)cc1OC,-8.305,1,test
1302,COc1ccc2cc(C(C)C(=O)O)ccc2c1,-7.657,1,test
44338168,CC1(C)OC(=O)C(Oc2cnccn2)=C1c1ccc(S(C)(=O)=O)cc1,-7.506,1,test
60726,Nc1c(CC(=O)O)cccc1C(=O)c1ccc(Br)cc1,-7.427,1,test
118706110,CS(=O)(=O)c1ccc(N2N=C(C(F)(F)F)C[C@H]2c2cccc3c2OCCO3)cc1,-7.416,1,test
172469919,NNC(=O)CNc1ncnc2sc3c(c12)CCCC3,-7.336,1,test
171343764,O=C(NC1CCCCC1)c1cc(N=Cc2cc(O)ccc2O)ccc1O,-7.303,1,test
73054179,O=C(CSc1nnc(-c2ccncc2)o1)N/N=C/c1ccc([N+](=O)[O-])cc1,-7.301,1,test
44447992,C/C(=N/OCc1ccccc1Nc1c(Cl)cccc1Cl)C(=O)O,-7.275,1,test
44474283,CCc1cccc(Nc2cnccc2NS(=O)(=O)C(F)(F)F)c1,-7.08,1,test
15461527,CC1(C)OC(=O)C(Oc2cccnc2)=C1c1ccc(S(C)(=O)=O)cc1,-7.008,1,test
CHEMBL565567,COc1ccc2[nH]c(-c3ccc(S(C)(=O)=O)cc3)cc2c1,-6.534,1,test
445154,Oc1ccc(C=Cc2cc(O)cc(O)c2)cc1,-6.116,1,test
66554464,Cc1ccc(Nc2c(F)cccc2Cl)c(CNS(=O)(=O)C(F)(F)F)c1,-6.024,1,test
